trade_date,ticker,name,close_price,up_probability,prediction,prediction_rank,model,validation_roc_auc,generated_at,target_return_1d,target_up_1d,predicted_up,correct,probability_bucket
2026-08-28,417310,코람코더원리츠보통주,2335.0,0.7793282607683928,상승,1,Logistic Regression,0.5800171547236399,2026-09-03T22:52:25+09:00,0.01498929336188426,1,1,True,70~100%
2026-08-28,361610,SK아이이테크놀로지보통주,16680.0,0.5472853420957476,상승,2,Logistic Regression,0.5800171547236399,2026-09-03T22:52:25+09:00,-0.03237410071942448,0,1,False,50~60%
2026-08-28,207940,삼성바이오로직스보통주,1486000.0,0.545289396077784,상승,3,Logistic Regression,0.5800171547236399,2026-09-03T22:52:25+09:00,0.02288021534320328,1,1,True,50~60%
2026-08-28,085620,미래에셋생명보험보통주,23200.0,0.5450269260288327,상승,4,Logistic Regression,0.5800171547236399,2026-09-03T22:52:25+09:00,-0.032327586206896575,0,1,False,50~60%
2026-08-28,011300,우성머티리얼스보통주,2790.0,0.5425755143019944,상승,5,Logistic Regression,0.5800171547236399,2026-09-03T22:52:25+09:00,-0.1630824372759857,0,1,False,50~60%
2026-08-28,217590,티엠씨보통주,11500.0,0.5402276597145184,상승,6,Logistic Regression,0.5800171547236399,2026-09-03T22:52:25+09:00,-0.04434782608695653,0,1,False,50~60%
2026-08-28,006340,대원전선보통주,13610.0,0.5381534945868914,상승,7,Logistic Regression,0.5800171547236399,2026-09-03T22:52:25+09:00,-0.02424687729610575,0,1,False,50~60%
2026-08-28,229640,LS에코에너지보통주,45900.0,0.5380510342209942,상승,8,Logistic Regression,0.5800171547236399,2026-09-03T22:52:25+09:00,0.02941176470588225,1,1,True,50~60%
2026-08-28,210980,SK디앤디보통주,4180.0,0.5379878621889799,상승,9,Logistic Regression,0.5800171547236399,2026-09-03T22:52:25+09:00,-0.1267942583732058,0,1,False,50~60%
2026-08-28,017900,광전자보통주,7510.0,0.5375210560643542,상승,10,Logistic Regression,0.5800171547236399,2026-09-03T22:52:25+09:00,-0.026631158455392767,0,1,False,50~60%
2026-08-28,001420,태원물산보통주,2295.0,0.536723820005137,상승,11,Logistic Regression,0.5800171547236399,2026-09-03T22:52:25+09:00,0.10239651416121998,1,1,True,50~60%
2026-08-28,002210,동성제약보통주,1472.0,0.5363502987011158,상승,12,Logistic Regression,0.5800171547236399,2026-09-03T22:52:25+09:00,0.005434782608695565,1,1,True,50~60%
2026-08-28,161000,애경케미칼보통주,10200.0,0.5361531671948107,상승,13,Logistic Regression,0.5800171547236399,2026-09-03T22:52:25+09:00,0.06862745098039214,1,1,True,50~60%
2026-08-28,460860,동국제강보통주,10380.0,0.5357453655415186,상승,14,Logistic Regression,0.5800171547236399,2026-09-03T22:52:25+09:00,0.0009633911368014392,1,1,True,50~60%
2026-08-28,015760,한국전력공사보통주,32550.0,0.5352048473129407,상승,15,Logistic Regression,0.5800171547236399,2026-09-03T22:52:25+09:00,-0.006144393241167445,0,1,False,50~60%
2026-08-28,011090,에넥스보통주,2140.0,0.535039157125521,상승,16,Logistic Regression,0.5800171547236399,2026-09-03T22:52:25+09:00,-0.2990654205607477,0,1,False,50~60%
2026-08-28,109070,주성코퍼레이션보통주,1550.0,0.5347639766872894,상승,17,Logistic Regression,0.5800171547236399,2026-09-03T22:52:25+09:00,0.0,0,1,False,50~60%
2026-08-28,005935,삼성전자1우선주,186800.0,0.5341516042629091,상승,18,Logistic Regression,0.5800171547236399,2026-09-03T22:52:25+09:00,0.01873661670235549,1,1,True,50~60%
2026-08-28,0126Z0,삼성에피스홀딩스보통주,373500.0,0.5340681568448595,상승,19,Logistic Regression,0.5800171547236399,2026-09-03T22:52:25+09:00,0.010709504685408211,1,1,True,50~60%
2026-08-28,005385,현대자동차1우선주,192400.0,0.5334416968500728,상승,20,Logistic Regression,0.5800171547236399,2026-09-03T22:52:25+09:00,-0.008316008316008316,0,1,False,50~60%
2026-08-28,000660,에스케이하이닉스보통주,1653000.0,0.5334167239421267,상승,21,Logistic Regression,0.5800171547236399,2026-09-03T22:52:25+09:00,0.024198427102238407,1,1,True,50~60%
2026-08-28,007610,선도전기보통주,4030.0,0.5332911672460612,상승,22,Logistic Regression,0.5800171547236399,2026-09-03T22:52:25+09:00,-0.002481389578163795,0,1,False,50~60%
2026-08-28,004870,티웨이홀딩스보통주,1130.0,0.5330122530999669,상승,23,Logistic Regression,0.5800171547236399,2026-09-03T22:52:25+09:00,0.014159292035398341,1,1,True,50~60%
2026-08-28,003160,디아이보통주,24350.0,0.5329756347868256,상승,24,Logistic Regression,0.5800171547236399,2026-09-03T22:52:25+09:00,0.09445585215605745,1,1,True,50~60%
2026-08-28,267270,에이치디건설기계보통주,136600.0,0.5324347549922095,상승,25,Logistic Regression,0.5800171547236399,2026-09-03T22:52:25+09:00,-0.051244509516837455,0,1,False,50~60%
2026-08-28,093370,후성 보통주,12520.0,0.5324317604345454,상승,26,Logistic Regression,0.5800171547236399,2026-09-03T22:52:25+09:00,0.01437699680511173,1,1,True,50~60%
2026-08-28,37550K,DL이앤씨1우선주,25000.0,0.5323649483844317,상승,27,Logistic Regression,0.5800171547236399,2026-09-03T22:52:25+09:00,-0.016000000000000014,0,1,False,50~60%
2026-08-28,013700,까뮤이앤씨보통주,1545.0,0.5320966146776841,상승,28,Logistic Regression,0.5800171547236399,2026-09-03T22:52:25+09:00,0.09579288025889965,1,1,True,50~60%
2026-08-28,402340,SK스퀘어보통주,1028000.0,0.5320020466613031,상승,29,Logistic Regression,0.5800171547236399,2026-09-03T22:52:25+09:00,0.037937743190661566,1,1,True,50~60%
2026-08-28,005387,현대자동차2우선주(신형),192400.0,0.5319630219166726,상승,30,Logistic Regression,0.5800171547236399,2026-09-03T22:52:25+09:00,-0.008316008316008316,0,1,False,50~60%
2026-08-28,008060,대덕보통주,16070.0,0.5319397074991137,상승,31,Logistic Regression,0.5800171547236399,2026-09-03T22:52:25+09:00,-0.004978220286247614,0,1,False,50~60%
2026-08-28,489790,한화비전보통주,50200.0,0.5317586249096777,상승,32,Logistic Regression,0.5800171547236399,2026-09-03T22:52:25+09:00,-0.009960159362549792,0,1,False,50~60%
2026-08-28,004840,디알비동일보통주,4205.0,0.5315205342528699,상승,33,Logistic Regression,0.5800171547236399,2026-09-03T22:52:25+09:00,0.016646848989298357,1,1,True,50~60%
2026-08-28,009810,MDS스피어보통주,1895.0,0.5315061072203097,상승,34,Logistic Regression,0.5800171547236399,2026-09-03T22:52:25+09:00,0.017941952506596248,1,1,True,50~60%
2026-08-28,272210,한화시스템보통주,75800.0,0.5313814692368474,상승,35,Logistic Regression,0.5800171547236399,2026-09-03T22:52:25+09:00,-0.06860158311345643,0,1,False,50~60%
2026-08-28,103590,일진전기 보통주,72600.0,0.531328144389777,상승,36,Logistic Regression,0.5800171547236399,2026-09-03T22:52:25+09:00,-0.02066115702479343,0,1,False,50~60%
2026-08-28,005930,삼성전자보통주,257000.0,0.5311530131198391,상승,37,Logistic Regression,0.5800171547236399,2026-09-03T22:52:25+09:00,0.015564202334630295,1,1,True,50~60%
2026-08-28,195870,해성디에스보통주,54000.0,0.5310477571700908,상승,38,Logistic Regression,0.5800171547236399,2026-09-03T22:52:25+09:00,-0.0037037037037036535,0,1,False,50~60%
2026-08-28,006370,대구백화점보통주,3885.0,0.5309963168806577,상승,39,Logistic Regression,0.5800171547236399,2026-09-03T22:52:25+09:00,0.014157014157014203,1,1,True,50~60%
2026-08-28,028050,삼성E&A보통주,48750.0,0.530920678125587,상승,40,Logistic Regression,0.5800171547236399,2026-09-03T22:52:25+09:00,-0.060512820512820475,0,1,False,50~60%
2026-08-28,322000,에이치디현대에너지솔루션보통주,136000.0,0.5307474099282862,상승,41,Logistic Regression,0.5800171547236399,2026-09-03T22:52:25+09:00,-0.01544117647058818,0,1,False,50~60%
2026-08-28,077970,STX엔진보통주,25300.0,0.5307377610184706,상승,42,Logistic Regression,0.5800171547236399,2026-09-03T22:52:25+09:00,-0.017786561264822143,0,1,False,50~60%
2026-08-28,092200,디아이씨 보통주,6100.0,0.5307027267062996,상승,43,Logistic Regression,0.5800171547236399,2026-09-03T22:52:25+09:00,-0.003278688524590123,0,1,False,50~60%
2026-08-28,094800,미래에셋맵스리얼티부동산공모투자회사보통주,7140.0,0.5305970699711349,상승,44,Logistic Regression,0.5800171547236399,2026-09-03T22:52:25+09:00,0.009803921568627416,1,1,True,50~60%
2026-08-28,014825,동원시스템즈1우선주,13710.0,0.5305684483213017,상승,45,Logistic Regression,0.5800171547236399,2026-09-03T22:52:25+09:00,0.01458789204959876,1,1,True,50~60%
2026-08-28,004170,신세계보통주,405500.0,0.5304873436785355,상승,46,Logistic Regression,0.5800171547236399,2026-09-03T22:52:25+09:00,0.07521578298397036,1,1,True,50~60%
2026-08-28,001430,세아베스틸지주보통주,42600.0,0.5304427461845101,상승,47,Logistic Regression,0.5800171547236399,2026-09-03T22:52:25+09:00,-0.02934272300469487,0,1,False,50~60%
2026-08-28,047810,한국항공우주산업보통주,133100.0,0.5304205238445541,상승,48,Logistic Regression,0.5800171547236399,2026-09-03T22:52:25+09:00,-0.04432757325319314,0,1,False,50~60%
2026-08-28,006840,AK홀딩스보통주,7550.0,0.530257339682691,상승,49,Logistic Regression,0.5800171547236399,2026-09-03T22:52:25+09:00,-0.0066225165562914245,0,1,False,50~60%
2026-08-28,363280,티와이홀딩스보통주,1963.0,0.5302169777287964,상승,50,Logistic Regression,0.5800171547236399,2026-09-03T22:52:25+09:00,0.0025471217524197787,1,1,True,50~60%
2026-08-28,031820,아이티센씨티에스보통주,6090.0,0.5300599242967716,상승,51,Logistic Regression,0.5800171547236399,2026-09-03T22:52:25+09:00,-0.02791461412151064,0,1,False,50~60%
2026-08-28,005389,현대자동차3우선주(신형),188700.0,0.5300476765506621,상승,52,Logistic Regression,0.5800171547236399,2026-09-03T22:52:25+09:00,-0.004239533651298366,0,1,False,50~60%
2026-08-28,015860,일진홀딩스보통주,6870.0,0.5300393976145477,상승,53,Logistic Regression,0.5800171547236399,2026-09-03T22:52:25+09:00,-0.02911208151382827,0,1,False,50~60%
2026-08-28,033240,자화전자보통주,29400.0,0.52985603819705,상승,54,Logistic Regression,0.5800171547236399,2026-09-03T22:52:25+09:00,0.020408163265306145,1,1,True,50~60%
2026-08-28,079550,LIG디펜스앤에어로스페이스보통주,734000.0,0.5298122454884594,상승,55,Logistic Regression,0.5800171547236399,2026-09-03T22:52:25+09:00,-0.06675749318801094,0,1,False,50~60%
2026-08-28,281820,케이씨텍보통주,66700.0,0.5297231884701963,상승,56,Logistic Regression,0.5800171547236399,2026-09-03T22:52:25+09:00,-0.010494752623688153,0,1,False,50~60%
2026-08-28,38380K,엘엑스홀딩스1우선주,7650.0,0.5292554079209886,상승,57,Logistic Regression,0.5800171547236399,2026-09-03T22:52:25+09:00,0.010457516339869244,1,1,True,50~60%
2026-08-28,009460,한창제지보통주,2915.0,0.5291517597854583,상승,58,Logistic Regression,0.5800171547236399,2026-09-03T22:52:25+09:00,-0.046312178387650116,0,1,False,50~60%
2026-08-28,007280,한국특강보통주,2310.0,0.5290895209109101,상승,59,Logistic Regression,0.5800171547236399,2026-09-03T22:52:25+09:00,0.02164502164502169,1,1,True,50~60%
2026-08-28,108320,LX세미콘보통주,37200.0,0.5290023970878938,상승,60,Logistic Regression,0.5800171547236399,2026-09-03T22:52:25+09:00,0.02553763440860224,1,1,True,50~60%
2026-08-28,000725,현대건설1우선주,55100.0,0.5289852621952137,상승,61,Logistic Regression,0.5800171547236399,2026-09-03T22:52:25+09:00,-0.03448275862068961,0,1,False,50~60%
2026-08-28,018500,동원모빌리티보통주,1439.0,0.5289658493371966,상승,62,Logistic Regression,0.5800171547236399,2026-09-03T22:52:25+09:00,0.012508686587908269,1,1,True,50~60%
2026-08-28,475560,더본코리아보통주,16250.0,0.5288490886750835,상승,63,Logistic Regression,0.5800171547236399,2026-09-03T22:52:25+09:00,0.014153846153846183,1,1,True,50~60%
2026-08-28,010660,화천기계보통주,2880.0,0.5288069367329171,상승,64,Logistic Regression,0.5800171547236399,2026-09-03T22:52:25+09:00,0.003472222222222321,1,1,True,50~60%
2026-08-28,034730,SK보통주,543000.0,0.5287934721000705,상승,65,Logistic Regression,0.5800171547236399,2026-09-03T22:52:25+09:00,0.07918968692449346,1,1,True,50~60%
2026-08-28,357120,코람코라이프인프라리츠보통주,4210.0,0.5287729676468514,상승,66,Logistic Regression,0.5800171547236399,2026-09-03T22:52:25+09:00,-0.005938242280285055,0,1,False,50~60%
2026-08-28,454910,두산로보틱스보통주,71600.0,0.528714988910466,상승,67,Logistic Regression,0.5800171547236399,2026-09-03T22:52:25+09:00,-0.03631284916201116,0,1,False,50~60%
2026-08-28,004710,한솔테크닉스보통주,6770.0,0.528682324281089,상승,68,Logistic Regression,0.5800171547236399,2026-09-03T22:52:25+09:00,-0.019202363367799125,0,1,False,50~60%
2026-08-28,353200,대덕전자보통주,107600.0,0.5285654737812956,상승,69,Logistic Regression,0.5800171547236399,2026-09-03T22:52:25+09:00,0.036245353159851224,1,1,True,50~60%
2026-08-28,002200,한국수출포장공업보통주,2665.0,0.5285406421395341,상승,70,Logistic Regression,0.5800171547236399,2026-09-03T22:52:25+09:00,0.016885553470919357,1,1,True,50~60%
2026-08-28,395400,SK리츠보통주,5390.0,0.5284788469102176,상승,71,Logistic Regression,0.5800171547236399,2026-09-03T22:52:25+09:00,0.0,0,1,False,50~60%
2026-08-28,001527,동양2우선주(신형),6570.0,0.5284570649381003,상승,72,Logistic Regression,0.5800171547236399,2026-09-03T22:52:25+09:00,-0.0121765601217656,0,1,False,50~60%
2026-08-28,005965,동부건설1우선주,17150.0,0.5284081589405227,상승,73,Logistic Regression,0.5800171547236399,2026-09-03T22:52:25+09:00,0.009912536443148712,1,1,True,50~60%
2026-08-28,012750,에스원보통주,83500.0,0.5284077019276102,상승,74,Logistic Regression,0.5800171547236399,2026-09-03T22:52:25+09:00,-0.025149700598802394,0,1,False,50~60%
2026-08-28,010120,LS ELECTRIC보통주,214500.0,0.5283599299854187,상승,75,Logistic Regression,0.5800171547236399,2026-09-03T22:52:25+09:00,-0.046620046620046596,0,1,False,50~60%
2026-08-28,00088K,한화3우선주(신형),39150.0,0.5282769213334126,상승,76,Logistic Regression,0.5800171547236399,2026-09-03T22:52:25+09:00,0.005108556832694733,1,1,True,50~60%
2026-08-28,003075,코오롱글로벌1우선주,13010.0,0.5282576652186288,상승,77,Logistic Regression,0.5800171547236399,2026-09-03T22:52:25+09:00,-0.013066871637202104,0,1,False,50~60%
2026-08-28,025530,SJM홀딩스보통주,3640.0,0.5281872820879165,상승,78,Logistic Regression,0.5800171547236399,2026-09-03T22:52:25+09:00,-0.005494505494505475,0,1,False,50~60%
2026-08-28,002630,오리엔트바이오보통주,879.0,0.5280167230360268,상승,79,Logistic Regression,0.5800171547236399,2026-09-03T22:52:25+09:00,-0.04436860068259385,0,1,False,50~60%
2026-08-28,145995,삼양사1우선주,33150.0,0.5278446343659058,상승,80,Logistic Regression,0.5800171547236399,2026-09-03T22:52:25+09:00,-0.004524886877828038,0,1,False,50~60%
2026-08-28,023450,주식회사동남합성,31400.0,0.5277480265025565,상승,81,Logistic Regression,0.5800171547236399,2026-09-03T22:52:25+09:00,0.006369426751592355,1,1,True,50~60%
2026-08-28,001465,BYC1우선주,26950.0,0.5277293098010079,상승,82,Logistic Regression,0.5800171547236399,2026-09-03T22:52:25+09:00,0.007421150278293043,1,1,True,50~60%
2026-08-28,030210,다올투자증권보통주,3890.0,0.5276073652410902,상승,83,Logistic Regression,0.5800171547236399,2026-09-03T22:52:25+09:00,0.006426735218509005,1,1,True,50~60%
2026-08-28,003060,에이프로젠바이오로직스보통주,1857.0,0.5276038439355621,상승,84,Logistic Regression,0.5800171547236399,2026-09-03T22:52:25+09:00,-0.06408185245018849,0,1,False,50~60%
2026-08-28,085310,엔케이 보통주,9570.0,0.5275823613594538,상승,85,Logistic Regression,0.5800171547236399,2026-09-03T22:52:25+09:00,-0.011494252873563204,0,1,False,50~60%
2026-08-28,001515,SK증권1우선주,4335.0,0.527522004994583,상승,86,Logistic Regression,0.5800171547236399,2026-09-03T22:52:25+09:00,0.0,0,1,False,50~60%
2026-08-28,017550,수산세보틱스보통주,1938.0,0.5274935787381881,상승,87,Logistic Regression,0.5800171547236399,2026-09-03T22:52:25+09:00,-0.052631578947368474,0,1,False,50~60%
2026-08-28,267290,경동도시가스보통주,21750.0,0.5274616657698716,상승,88,Logistic Regression,0.5800171547236399,2026-09-03T22:52:25+09:00,0.006896551724137945,1,1,True,50~60%
2026-08-28,010690,화신보통주,7920.0,0.5274143422840368,상승,89,Logistic Regression,0.5800171547236399,2026-09-03T22:52:25+09:00,0.002525252525252597,1,1,True,50~60%
2026-08-28,004410,서울식품공업보통주,1267.0,0.5273883708118781,상승,90,Logistic Regression,0.5800171547236399,2026-09-03T22:52:25+09:00,-0.006314127861089203,0,1,False,50~60%
2026-08-28,000215,DL1우선주,23750.0,0.5273704969782451,상승,91,Logistic Regression,0.5800171547236399,2026-09-03T22:52:25+09:00,-0.008421052631578996,0,1,False,50~60%
2026-08-28,481850,신한글로벌액티브리츠보통주,977.0,0.527354031051033,상승,92,Logistic Regression,0.5800171547236399,2026-09-03T22:52:25+09:00,0.008188331627430934,1,1,True,50~60%
2026-08-28,329180,에이치디현대중공업보통주,457000.0,0.5273481352277658,상승,93,Logistic Regression,0.5800171547236399,2026-09-03T22:52:25+09:00,-0.008752735229759279,0,1,False,50~60%
2026-08-28,001275,부국증권1우선주,30400.0,0.5273413308055845,상승,94,Logistic Regression,0.5800171547236399,2026-09-03T22:52:25+09:00,-0.003289473684210509,0,1,False,50~60%
2026-08-28,002900,티와이엠보통주,6870.0,0.5273088644230539,상승,95,Logistic Regression,0.5800171547236399,2026-09-03T22:52:25+09:00,0.00727802037845704,1,1,True,50~60%
2026-08-28,357250,미래에셋맵스리츠보통주,1887.0,0.5272942074879191,상승,96,Logistic Regression,0.5800171547236399,2026-09-03T22:52:25+09:00,0.006889242183359734,1,1,True,50~60%
2026-08-28,007815,코리아써키트1우선주,19530.0,0.5271957214340918,상승,97,Logistic Regression,0.5800171547236399,2026-09-03T22:52:25+09:00,-0.022017409114183262,0,1,False,50~60%
2026-08-28,37550L,DL이앤씨2우선주(전환),47550.0,0.5271887075656984,상승,98,Logistic Regression,0.5800171547236399,2026-09-03T22:52:25+09:00,-0.006309148264984188,0,1,False,50~60%
2026-08-28,446070,유니드비티플러스보통주,3980.0,0.5271691293276497,상승,99,Logistic Regression,0.5800171547236399,2026-09-03T22:52:25+09:00,-0.008793969849246186,0,1,False,50~60%
2026-08-28,108675,엘엑스하우시스1우선주,18775.0,0.5271129175020707,상승,100,Logistic Regression,0.5800171547236399,2026-09-03T22:52:25+09:00,0.008788282290279614,1,1,True,50~60%
2026-08-28,009190,대양금속보통주,1497.0,0.5270147953170046,상승,101,Logistic Regression,0.5800171547236399,2026-09-03T22:52:25+09:00,-0.08483633934535739,0,1,False,50~60%
2026-08-28,001740,SK네트웍스보통주,6690.0,0.5269881482672404,상승,102,Logistic Regression,0.5800171547236399,2026-09-03T22:52:25+09:00,-0.007473841554558991,0,1,False,50~60%
2026-08-28,012320,경동인베스트보통주,46700.0,0.5269735102827979,상승,103,Logistic Regression,0.5800171547236399,2026-09-03T22:52:25+09:00,0.023554603854389677,1,1,True,50~60%
2026-08-28,052690,한국전력기술 보통주,122400.0,0.5269459171371125,상승,104,Logistic Regression,0.5800171547236399,2026-09-03T22:52:25+09:00,-0.09722222222222221,0,1,False,50~60%
2026-08-28,042660,한화오션보통주,88500.0,0.5269250274872892,상승,105,Logistic Regression,0.5800171547236399,2026-09-03T22:52:25+09:00,-0.006779661016949157,0,1,False,50~60%
2026-08-28,014160,대영포장보통주,685.0,0.526827105332547,상승,106,Logistic Regression,0.5800171547236399,2026-09-03T22:52:25+09:00,0.0029197080291971655,1,1,True,50~60%
2026-08-28,009900,명신산업보통주,7950.0,0.5267988004217616,상승,107,Logistic Regression,0.5800171547236399,2026-09-03T22:52:25+09:00,0.0691823899371069,1,1,True,50~60%
2026-08-28,004365,세방1우선주,9430.0,0.52679463558392,상승,108,Logistic Regression,0.5800171547236399,2026-09-03T22:52:25+09:00,-0.007423117709437932,0,1,False,50~60%
2026-08-28,130660,한전산업개발보통주,12800.0,0.5266472772757408,상승,109,Logistic Regression,0.5800171547236399,2026-09-03T22:52:25+09:00,-0.04296875,0,1,False,50~60%
2026-08-28,013000,세우글로벌보통주,1245.0,0.5266244823188826,상승,110,Logistic Regression,0.5800171547236399,2026-09-03T22:52:25+09:00,-0.028915662650602414,0,1,False,50~60%
2026-08-28,006345,대원전선1우선주,9920.0,0.5266196083463064,상승,111,Logistic Regression,0.5800171547236399,2026-09-03T22:52:25+09:00,-0.01310483870967738,0,1,False,50~60%
2026-08-28,011500,한농화성보통주,13930.0,0.5265754612709757,상승,112,Logistic Regression,0.5800171547236399,2026-09-03T22:52:25+09:00,0.015075376884422065,1,1,True,50~60%
2026-08-28,005750,대림바스보통주,4650.0,0.5264924801109591,상승,113,Logistic Regression,0.5800171547236399,2026-09-03T22:52:25+09:00,0.021505376344086002,1,1,True,50~60%
2026-08-28,047400,유니온머티리얼보통주,950.0,0.5264858047347147,상승,114,Logistic Regression,0.5800171547236399,2026-09-03T22:52:25+09:00,0.001052631578947416,1,1,True,50~60%
2026-08-28,023530,롯데쇼핑 보통주,102100.0,0.5263628186654282,상승,115,Logistic Regression,0.5800171547236399,2026-09-03T22:52:25+09:00,0.109696376101861,1,1,True,50~60%
2026-08-28,024070,WISCOM보통주,1989.0,0.5263497047477248,상승,116,Logistic Regression,0.5800171547236399,2026-09-03T22:52:25+09:00,-0.011563599798893875,0,1,False,50~60%
2026-08-28,002880,디와이에이보통주,753.0,0.5263308451759509,상승,117,Logistic Regression,0.5800171547236399,2026-09-03T22:52:25+09:00,0.0,0,1,False,50~60%
2026-08-28,004890,동일산업보통주,36150.0,0.5263003761403677,상승,118,Logistic Regression,0.5800171547236399,2026-09-03T22:52:25+09:00,0.017980636237897585,1,1,True,50~60%
2026-08-28,003570,SNT다이내믹스보통주,30650.0,0.5262853740601752,상승,119,Logistic Regression,0.5800171547236399,2026-09-03T22:52:25+09:00,-0.057096247960848334,0,1,False,50~60%
2026-08-28,004020,현대제철 보통주,31000.0,0.526245118741562,상승,120,Logistic Regression,0.5800171547236399,2026-09-03T22:52:25+09:00,-0.006451612903225823,0,1,False,50~60%
2026-08-28,000700,유수홀딩스보통주,6680.0,0.5262186495331629,상승,121,Logistic Regression,0.5800171547236399,2026-09-03T22:52:25+09:00,-0.010479041916167664,0,1,False,50~60%
2026-08-28,009540,에이치디한국조선해양보통주,354500.0,0.5261930529003654,상승,122,Logistic Regression,0.5800171547236399,2026-09-03T22:52:25+09:00,-0.0028208744710860323,0,1,False,50~60%
2026-08-28,107590,미원홀딩스 보통주,61400.0,0.5261812183777339,상승,123,Logistic Regression,0.5800171547236399,2026-09-03T22:52:25+09:00,0.04071661237785018,1,1,True,50~60%
2026-08-28,034590,인천도시가스 보통주,26350.0,0.5261594219354827,상승,124,Logistic Regression,0.5800171547236399,2026-09-03T22:52:25+09:00,0.015180265654648917,1,1,True,50~60%
2026-08-28,004150,한솔홀딩스보통주,3400.0,0.5260813744258495,상승,125,Logistic Regression,0.5800171547236399,2026-09-03T22:52:25+09:00,0.0,0,1,False,50~60%
2026-08-28,001070,대한방직보통주,5970.0,0.5260470456074339,상승,126,Logistic Regression,0.5800171547236399,2026-09-03T22:52:25+09:00,0.018425460636515956,1,1,True,50~60%
2026-08-28,005070,코스모신소재보통주,40400.0,0.5259682776368332,상승,127,Logistic Regression,0.5800171547236399,2026-09-03T22:52:25+09:00,-0.004950495049504955,0,1,False,50~60%
2026-08-28,439260,대한조선보통주,49000.0,0.5259534001811235,상승,128,Logistic Regression,0.5800171547236399,2026-09-03T22:52:25+09:00,-0.0357142857142857,0,1,False,50~60%
2026-08-28,042700,한미반도체보통주,219500.0,0.5259191992147839,상승,129,Logistic Regression,0.5800171547236399,2026-09-03T22:52:25+09:00,-0.02050113895216399,0,1,False,50~60%
2026-08-28,003120,일성아이에스보통주,20950.0,0.5258528706512801,상승,130,Logistic Regression,0.5800171547236399,2026-09-03T22:52:25+09:00,-0.01670644391408116,0,1,False,50~60%
2026-08-28,014790,HL D&I보통주,2620.0,0.5258227917157775,상승,131,Logistic Regression,0.5800171547236399,2026-09-03T22:52:25+09:00,-0.01908396946564883,0,1,False,50~60%
2026-08-28,012200,계양전기보통주,3750.0,0.5258125440584313,상승,132,Logistic Regression,0.5800171547236399,2026-09-03T22:52:25+09:00,-0.03466666666666662,0,1,False,50~60%
2026-08-28,33637L,솔루스첨단소재2우선주(신형),2380.0,0.525805703597642,상승,133,Logistic Regression,0.5800171547236399,2026-09-03T22:52:25+09:00,0.0,0,1,False,50~60%
2026-08-28,012800,대창보통주,1212.0,0.5257987791617299,상승,134,Logistic Regression,0.5800171547236399,2026-09-03T22:52:25+09:00,-0.018151815181518205,0,1,False,50~60%
2026-08-28,134790,시디즈보통주,19700.0,0.5257697705692328,상승,135,Logistic Regression,0.5800171547236399,2026-09-03T22:52:25+09:00,0.03299492385786795,1,1,True,50~60%
2026-08-28,00680K,미래에셋증권2우선주(신형),11600.0,0.5257535001953159,상승,136,Logistic Regression,0.5800171547236399,2026-09-03T22:52:25+09:00,-0.036206896551724155,0,1,False,50~60%
2026-08-28,003495,대한항공1우선주,21900.0,0.5257502611693853,상승,137,Logistic Regression,0.5800171547236399,2026-09-03T22:52:25+09:00,-0.004566210045662156,0,1,False,50~60%
2026-08-28,002820,선앤엘보통주,1605.0,0.525745620491513,상승,138,Logistic Regression,0.5800171547236399,2026-09-03T22:52:25+09:00,0.0797507788161993,1,1,True,50~60%
2026-08-28,003720,삼영보통주,6490.0,0.5257288633691011,상승,139,Logistic Regression,0.5800171547236399,2026-09-03T22:52:25+09:00,-0.035439137134052334,0,1,False,50~60%
2026-08-28,009470,삼화전기보통주,23450.0,0.5256460881495896,상승,140,Logistic Regression,0.5800171547236399,2026-09-03T22:52:25+09:00,-0.019189765458422214,0,1,False,50~60%
2026-08-28,00806K,대덕1우선주,11050.0,0.5256142109463505,상승,141,Logistic Regression,0.5800171547236399,2026-09-03T22:52:25+09:00,0.0,0,1,False,50~60%
2026-08-28,457190,이수스페셜티케미컬보통주,66100.0,0.5255945115852161,상승,142,Logistic Regression,0.5800171547236399,2026-09-03T22:52:25+09:00,0.05295007564296528,1,1,True,50~60%
2026-08-28,383800,엘엑스홀딩스보통주,8170.0,0.5255501333427781,상승,143,Logistic Regression,0.5800171547236399,2026-09-03T22:52:25+09:00,0.012239902080783294,1,1,True,50~60%
2026-08-28,023000,삼원강재 보통주,2215.0,0.5255396000283122,상승,144,Logistic Regression,0.5800171547236399,2026-09-03T22:52:25+09:00,-0.0022573363431150906,0,1,False,50~60%
2026-08-28,002690,동일제강보통주,1476.0,0.5255352617980134,상승,145,Logistic Regression,0.5800171547236399,2026-09-03T22:52:25+09:00,-0.002032520325203291,0,1,False,50~60%
2026-08-28,012160,영흥보통주,2630.0,0.5255158777662972,상승,146,Logistic Regression,0.5800171547236399,2026-09-03T22:52:25+09:00,-0.04752851711026618,0,1,False,50~60%
2026-08-28,034830,한국토지신탁보통주,1170.0,0.5254390140271942,상승,147,Logistic Regression,0.5800171547236399,2026-09-03T22:52:25+09:00,0.008547008547008517,1,1,True,50~60%
2026-08-28,001620,케이비아이동국실업보통주,2150.0,0.5254131334162396,상승,148,Logistic Regression,0.5800171547236399,2026-09-03T22:52:25+09:00,0.0046511627906977715,1,1,True,50~60%
2026-08-28,084690,대상홀딩스 보통주,8030.0,0.525355185391656,상승,149,Logistic Regression,0.5800171547236399,2026-09-03T22:52:25+09:00,-0.00249066002490661,0,1,False,50~60%
2026-08-28,001560,제일연마공업보통주,9180.0,0.5253488036235502,상승,150,Logistic Regression,0.5800171547236399,2026-09-03T22:52:25+09:00,-0.0010893246187363426,0,1,False,50~60%
2026-08-28,071320,지역난방공사보통주,74800.0,0.5253442745351973,상승,151,Logistic Regression,0.5800171547236399,2026-09-03T22:52:25+09:00,0.012032085561497263,1,1,True,50~60%
2026-08-28,005850,에스엘보통주,52400.0,0.5253371444401467,상승,152,Logistic Regression,0.5800171547236399,2026-09-03T22:52:25+09:00,0.009541984732824416,1,1,True,50~60%
2026-08-28,069640,한세엠케이보통주,1439.0,0.5253039179033459,상승,153,Logistic Regression,0.5800171547236399,2026-09-03T22:52:25+09:00,0.007644197359277349,1,1,True,50~60%
2026-08-28,067830,세이브존I&C보통주,2460.0,0.5252968049115334,상승,154,Logistic Regression,0.5800171547236399,2026-09-03T22:52:25+09:00,-0.0060975609756097615,0,1,False,50~60%
2026-08-28,272550,삼양패키징보통주,10000.0,0.5252964512754404,상승,155,Logistic Regression,0.5800171547236399,2026-09-03T22:52:25+09:00,-0.014000000000000012,0,1,False,50~60%
2026-08-28,014680,한솔케미칼보통주,203000.0,0.5252838267002135,상승,156,Logistic Regression,0.5800171547236399,2026-09-03T22:52:25+09:00,0.012315270935960632,1,1,True,50~60%
2026-08-28,002355,넥센타이어1우선주(신형),3900.0,0.5252745714545597,상승,157,Logistic Regression,0.5800171547236399,2026-09-03T22:52:25+09:00,0.00512820512820511,1,1,True,50~60%
2026-08-28,33626L,두산퓨얼셀2우선주(신형),7490.0,0.525270446796835,상승,158,Logistic Regression,0.5800171547236399,2026-09-03T22:52:25+09:00,0.0,0,1,False,50~60%
2026-08-28,465770,STX그린로지스보통주,2965.0,0.5252000390644291,상승,159,Logistic Regression,0.5800171547236399,2026-09-03T22:52:25+09:00,0.018549747048903775,1,1,True,50~60%
2026-08-28,034120,에스비에스보통주,12260.0,0.5251786134044837,상승,160,Logistic Regression,0.5800171547236399,2026-09-03T22:52:25+09:00,0.006525285481239873,1,1,True,50~60%
2026-08-28,330590,롯데리츠보통주,3900.0,0.5251750928651089,상승,161,Logistic Regression,0.5800171547236399,2026-09-03T22:52:25+09:00,-0.012820512820512775,0,1,False,50~60%
2026-08-28,021050,서원보통주,1129.0,0.5251410048305636,상승,162,Logistic Regression,0.5800171547236399,2026-09-03T22:52:25+09:00,0.004428697962798989,1,1,True,50~60%
2026-08-28,004690,삼천리보통주,132400.0,0.5251303902977341,상승,163,Logistic Regression,0.5800171547236399,2026-09-03T22:52:25+09:00,0.015861027190332333,1,1,True,50~60%
2026-08-28,004080,신흥보통주,14050.0,0.5251177044432721,상승,164,Logistic Regression,0.5800171547236399,2026-09-03T22:52:25+09:00,0.002846975088967918,1,1,True,50~60%
2026-08-28,039490,키움증권보통주,278500.0,0.5251169114400723,상승,165,Logistic Regression,0.5800171547236399,2026-09-03T22:52:25+09:00,0.012567324955116588,1,1,True,50~60%
2026-08-28,005490,포스코홀딩스보통주,337500.0,0.5251137640892392,상승,166,Logistic Regression,0.5800171547236399,2026-09-03T22:52:25+09:00,0.010370370370370363,1,1,True,50~60%
2026-08-28,017940,E1보통주,97700.0,0.5251092522948236,상승,167,Logistic Regression,0.5800171547236399,2026-09-03T22:52:25+09:00,0.003070624360286489,1,1,True,50~60%
2026-08-28,011930,신성이엔지보통주,16910.0,0.5250373631890085,상승,168,Logistic Regression,0.5800171547236399,2026-09-03T22:52:25+09:00,-0.003548196333530429,0,1,False,50~60%
2026-08-28,002420,세기상사보통주,5920.0,0.5250174642880873,상승,169,Logistic Regression,0.5800171547236399,2026-09-03T22:52:25+09:00,-0.03209459459459463,0,1,False,50~60%
2026-08-28,004380,삼익THK보통주,8330.0,0.5250096830870292,상승,170,Logistic Regression,0.5800171547236399,2026-09-03T22:52:25+09:00,-0.015606242496998823,0,1,False,50~60%
2026-08-28,025750,한솔홈데코보통주,1901.0,0.5249959568868321,상승,171,Logistic Regression,0.5800171547236399,2026-09-03T22:52:25+09:00,0.007364544976328213,1,1,True,50~60%
2026-08-28,000990,DB하이텍보통주,93900.0,0.5249941719596034,상승,172,Logistic Regression,0.5800171547236399,2026-09-03T22:52:25+09:00,0.005324813631522929,1,1,True,50~60%
2026-08-28,000590,CS홀딩스보통주,68100.0,0.5248136577700767,상승,173,Logistic Regression,0.5800171547236399,2026-09-03T22:52:25+09:00,-0.022026431718061623,0,1,False,50~60%
2026-08-28,227840,현대코퍼레이션홀딩스보통주,13100.0,0.5247775638441736,상승,174,Logistic Regression,0.5800171547236399,2026-09-03T22:52:25+09:00,-0.0022900763358778553,0,1,False,50~60%
2026-08-28,002170,에스와이티에스보통주,56700.0,0.5247770981077013,상승,175,Logistic Regression,0.5800171547236399,2026-09-03T22:52:25+09:00,0.021164021164021163,1,1,True,50~60%
2026-08-28,003460,유화증권보통주,3085.0,0.5247466934657531,상승,176,Logistic Regression,0.5800171547236399,2026-09-03T22:52:25+09:00,0.0032414910858995505,1,1,True,50~60%
2026-08-28,090355,노루페인트 1우선주,11750.0,0.5247440587296135,상승,177,Logistic Regression,0.5800171547236399,2026-09-03T22:52:25+09:00,0.010212765957446912,1,1,True,50~60%
2026-08-28,006805,미래에셋증권1우선주,12770.0,0.5247304187665452,상승,178,Logistic Regression,0.5800171547236399,2026-09-03T22:52:25+09:00,-0.02114330462020364,0,1,False,50~60%
2026-08-28,012330,현대모비스보통주,450500.0,0.524722281611666,상승,179,Logistic Regression,0.5800171547236399,2026-09-03T22:52:25+09:00,-0.015538290788013276,0,1,False,50~60%
2026-08-28,090460,비에이치보통주,17100.0,0.5246991315376699,상승,180,Logistic Regression,0.5800171547236399,2026-09-03T22:52:25+09:00,0.2865497076023391,1,1,True,50~60%
2026-08-28,025890,한국주강보통주,2515.0,0.5246482453106054,상승,181,Logistic Regression,0.5800171547236399,2026-09-03T22:52:25+09:00,0.005964214711729587,1,1,True,50~60%
2026-08-28,078000,텔코웨어 보통주,13400.0,0.5245895061797011,상승,182,Logistic Regression,0.5800171547236399,2026-09-03T22:52:25+09:00,0.006716417910447747,1,1,True,50~60%
2026-08-28,029530,신도리코보통주,41100.0,0.5245227211693192,상승,183,Logistic Regression,0.5800171547236399,2026-09-03T22:52:25+09:00,-0.0012165450121655041,0,1,False,50~60%
2026-08-28,000490,대동보통주,7920.0,0.524522204146583,상승,184,Logistic Regression,0.5800171547236399,2026-09-03T22:52:25+09:00,0.04166666666666674,1,1,True,50~60%
2026-08-28,071050,한국투자금융지주보통주,191300.0,0.5245142645170099,상승,185,Logistic Regression,0.5800171547236399,2026-09-03T22:52:25+09:00,-0.001568217459487764,0,1,False,50~60%
2026-08-28,004835,덕성1우선주,4225.0,0.5245069334904047,상승,186,Logistic Regression,0.5800171547236399,2026-09-03T22:52:25+09:00,0.0,0,1,False,50~60%
2026-08-28,005440,현대지에프홀딩스보통주,11860.0,0.5244829711950098,상승,187,Logistic Regression,0.5800171547236399,2026-09-03T22:52:25+09:00,0.021079258010118007,1,1,True,50~60%
2026-08-28,095570,AJ네트웍스보통주,4420.0,0.5244685795381064,상승,188,Logistic Regression,0.5800171547236399,2026-09-03T22:52:25+09:00,-0.005656108597285048,0,1,False,50~60%
2026-08-28,001755,한양증권1우선주,19490.0,0.5244180525400525,상승,189,Logistic Regression,0.5800171547236399,2026-09-03T22:52:25+09:00,0.013853258081067299,1,1,True,50~60%
2026-08-28,004060,에스지세계물산보통주,2305.0,0.5243599580636998,상승,190,Logistic Regression,0.5800171547236399,2026-09-03T22:52:25+09:00,-0.026030368763557465,0,1,False,50~60%
2026-08-28,015890,태경산업보통주,4790.0,0.5243526600632944,상승,191,Logistic Regression,0.5800171547236399,2026-09-03T22:52:25+09:00,0.008350730688935215,1,1,True,50~60%
2026-08-28,35320K,대덕전자우선주,23000.0,0.5243435329072497,상승,192,Logistic Regression,0.5800171547236399,2026-09-03T22:52:25+09:00,0.01521739130434785,1,1,True,50~60%
2026-08-28,100250,진양홀딩스보통주,3160.0,0.5243122692950769,상승,193,Logistic Regression,0.5800171547236399,2026-09-03T22:52:25+09:00,0.0031645569620253333,1,1,True,50~60%
2026-08-28,068270,셀트리온보통주,190700.0,0.5242303608017498,상승,194,Logistic Regression,0.5800171547236399,2026-09-03T22:52:25+09:00,-0.014158363922391226,0,1,False,50~60%
2026-08-28,005010,휴스틸보통주,3860.0,0.5242261440400213,상승,195,Logistic Regression,0.5800171547236399,2026-09-03T22:52:25+09:00,-0.02849740932642486,0,1,False,50~60%
2026-08-28,298690,에어부산보통주,1559.0,0.5242191060140655,상승,196,Logistic Regression,0.5800171547236399,2026-09-03T22:52:25+09:00,-0.02180885182809489,0,1,False,50~60%
2026-08-28,024090,디씨엠보통주,11270.0,0.5241940368407395,상승,197,Logistic Regression,0.5800171547236399,2026-09-03T22:52:25+09:00,0.002661934338952898,1,1,True,50~60%
2026-08-28,204320,HL만도보통주,50300.0,0.5241920276404914,상승,198,Logistic Regression,0.5800171547236399,2026-09-03T22:52:25+09:00,0.0,0,1,False,50~60%
2026-08-28,017800,현대엘리베이터보통주,75600.0,0.5241717341652686,상승,199,Logistic Regression,0.5800171547236399,2026-09-03T22:52:25+09:00,-0.010582010582010581,0,1,False,50~60%
2026-08-28,001685,대상1우선주,14630.0,0.524169127236594,상승,200,Logistic Regression,0.5800171547236399,2026-09-03T22:52:25+09:00,0.0034176349965824304,1,1,True,50~60%
2026-08-28,044450,케이에스에스 해운 보통주,10060.0,0.5241382065769218,상승,201,Logistic Regression,0.5800171547236399,2026-09-03T22:52:25+09:00,-0.00994035785288272,0,1,False,50~60%
2026-08-28,006125,에스케이디스커버리1우선주,39250.0,0.5241346296583694,상승,202,Logistic Regression,0.5800171547236399,2026-09-03T22:52:25+09:00,0.04713375796178343,1,1,True,50~60%
2026-08-28,200880,서연이화보통주,12170.0,0.5241004675404732,상승,203,Logistic Regression,0.5800171547236399,2026-09-03T22:52:25+09:00,-0.0024650780608052036,0,1,False,50~60%
2026-08-28,002780,진흥기업보통주,782.0,0.5240798961594549,상승,204,Logistic Regression,0.5800171547236399,2026-09-03T22:52:25+09:00,0.0,0,1,False,50~60%
2026-08-28,004970,신라교역보통주,9320.0,0.5240480707520465,상승,205,Logistic Regression,0.5800171547236399,2026-09-03T22:52:25+09:00,0.0021459227467810482,1,1,True,50~60%
2026-08-28,00781K,코리아써키트2우선주(신형),14270.0,0.5239875335748696,상승,206,Logistic Regression,0.5800171547236399,2026-09-03T22:52:25+09:00,-0.01191310441485638,0,1,False,50~60%
2026-08-28,375500,DL이앤씨보통주,73300.0,0.523974494418684,상승,207,Logistic Regression,0.5800171547236399,2026-09-03T22:52:25+09:00,-0.024556616643929052,0,1,False,50~60%
2026-08-28,072130,유엔젤보통주,4865.0,0.5239710771996493,상승,208,Logistic Regression,0.5800171547236399,2026-09-03T22:52:25+09:00,-0.016443987667009274,0,1,False,50~60%
2026-08-28,068290,삼성출판사보통주,6350.0,0.5239396483544294,상승,209,Logistic Regression,0.5800171547236399,2026-09-03T22:52:25+09:00,0.017322834645669305,1,1,True,50~60%
2026-08-28,010820,퍼스텍보통주,5930.0,0.523918798176545,상승,210,Logistic Regression,0.5800171547236399,2026-09-03T22:52:25+09:00,-0.04553119730185495,0,1,False,50~60%
2026-08-28,095720,웅진씽크빅 보통주,1273.0,0.5239138147503296,상승,211,Logistic Regression,0.5800171547236399,2026-09-03T22:52:25+09:00,0.00471327572662994,1,1,True,50~60%
2026-08-28,079430,현대리바트보통주,6100.0,0.5238961254403417,상승,212,Logistic Regression,0.5800171547236399,2026-09-03T22:52:25+09:00,-0.00983606557377048,0,1,False,50~60%
2026-08-28,007590,동방아그로보통주,5630.0,0.5238861813259225,상승,213,Logistic Regression,0.5800171547236399,2026-09-03T22:52:25+09:00,-0.005328596802841923,0,1,False,50~60%
2026-08-28,002100,경농보통주,9300.0,0.5238770971047205,상승,214,Logistic Regression,0.5800171547236399,2026-09-03T22:52:25+09:00,-0.006451612903225823,0,1,False,50~60%
2026-08-28,025820,이구산업보통주,4565.0,0.5238581433459655,상승,215,Logistic Regression,0.5800171547236399,2026-09-03T22:52:25+09:00,-0.033953997809419545,0,1,False,50~60%
2026-08-28,122900,아이마켓코리아보통주,8310.0,0.5238532314775228,상승,216,Logistic Regression,0.5800171547236399,2026-09-03T22:52:25+09:00,-0.010830324909747335,0,1,False,50~60%
2026-08-28,002390,한독보통주,9470.0,0.5238486187987819,상승,217,Logistic Regression,0.5800171547236399,2026-09-03T22:52:25+09:00,0.01372756071805692,1,1,True,50~60%
2026-08-28,071055,한국투자금융지주1우선주,149300.0,0.5238040401720174,상승,218,Logistic Regression,0.5800171547236399,2026-09-03T22:52:25+09:00,0.02076356329537843,1,1,True,50~60%
2026-08-28,001795,대한제당1우선주,2170.0,0.5237814537709813,상승,219,Logistic Regression,0.5800171547236399,2026-09-03T22:52:25+09:00,0.016129032258064502,1,1,True,50~60%
2026-08-28,009580,무림피앤피보통주,1661.0,0.523767292114774,상승,220,Logistic Regression,0.5800171547236399,2026-09-03T22:52:25+09:00,-0.012040939193257105,0,1,False,50~60%
2026-08-28,00499K,롯데지주1우선주,24150.0,0.5237442974710841,상승,221,Logistic Regression,0.5800171547236399,2026-09-03T22:52:25+09:00,0.012422360248447228,1,1,True,50~60%
2026-08-28,018470,조일알미늄보통주,973.0,0.5237307169242238,상승,222,Logistic Regression,0.5800171547236399,2026-09-03T22:52:25+09:00,0.0,0,1,False,50~60%
2026-08-28,264900,크라운제과보통주,8110.0,0.5237002888388741,상승,223,Logistic Regression,0.5800171547236399,2026-09-03T22:52:25+09:00,0.004932182490752224,1,1,True,50~60%
2026-08-28,192400,쿠쿠홀딩스보통주,28200.0,0.5236888171998497,상승,224,Logistic Regression,0.5800171547236399,2026-09-03T22:52:25+09:00,-0.010638297872340385,0,1,False,50~60%
2026-08-28,049800,우진플라임 보통주,1765.0,0.5236680660425803,상승,225,Logistic Regression,0.5800171547236399,2026-09-03T22:52:25+09:00,0.011331444759206777,1,1,True,50~60%
2026-08-28,016710,대성홀딩스보통주,7030.0,0.5236614389645685,상승,226,Logistic Regression,0.5800171547236399,2026-09-03T22:52:25+09:00,0.0014224751066855834,1,1,True,50~60%
2026-08-28,002600,조흥보통주,135900.0,0.5236294089010444,상승,227,Logistic Regression,0.5800171547236399,2026-09-03T22:52:25+09:00,0.01471670345842524,1,1,True,50~60%
2026-08-28,003070,코오롱글로벌보통주,9920.0,0.5236097065225914,상승,228,Logistic Regression,0.5800171547236399,2026-09-03T22:52:25+09:00,-0.015120967741935498,0,1,False,50~60%
2026-08-28,009200,무림페이퍼보통주,1538.0,0.5236046583291104,상승,229,Logistic Regression,0.5800171547236399,2026-09-03T22:52:25+09:00,0.002600780234070177,1,1,True,50~60%
2026-08-28,003547,대신증권2우선주(신형),19520.0,0.5236041023478142,상승,230,Logistic Regression,0.5800171547236399,2026-09-03T22:52:25+09:00,0.012295081967213184,1,1,True,50~60%
2026-08-28,267850,아시아나IDT보통주,9280.0,0.5235874976433456,상승,231,Logistic Regression,0.5800171547236399,2026-09-03T22:52:25+09:00,0.006465517241379226,1,1,True,50~60%
2026-08-28,094280,효성아이티엑스 보통주,12060.0,0.5235594898209126,상승,232,Logistic Regression,0.5800171547236399,2026-09-03T22:52:25+09:00,0.0066334991708125735,1,1,True,50~60%
2026-08-28,004560,현대비앤지스틸보통주,11780.0,0.5235388496516128,상승,233,Logistic Regression,0.5800171547236399,2026-09-03T22:52:25+09:00,-0.01358234295415961,0,1,False,50~60%
2026-08-28,023150,MH에탄올보통주,4135.0,0.5234994210788162,상승,234,Logistic Regression,0.5800171547236399,2026-09-03T22:52:25+09:00,0.0048367593712213,1,1,True,50~60%
2026-08-28,037710,광주신세계보통주,37450.0,0.5233829739776339,상승,235,Logistic Regression,0.5800171547236399,2026-09-03T22:52:25+09:00,-0.012016021361815787,0,1,False,50~60%
2026-08-28,001720,신영증권보통주,154900.0,0.5233241957834498,상승,236,Logistic Regression,0.5800171547236399,2026-09-03T22:52:25+09:00,-0.005810200129115595,0,1,False,50~60%
2026-08-28,006660,삼성공조보통주,13000.0,0.523321713724245,상승,237,Logistic Regression,0.5800171547236399,2026-09-03T22:52:25+09:00,-0.020769230769230762,0,1,False,50~60%
2026-08-28,003555,LG1우선주,71400.0,0.5233146461815648,상승,238,Logistic Regression,0.5800171547236399,2026-09-03T22:52:25+09:00,0.009803921568627416,1,1,True,50~60%
2026-08-28,002710,TCC스틸보통주,11400.0,0.5232962955680774,상승,239,Logistic Regression,0.5800171547236399,2026-09-03T22:52:25+09:00,0.014912280701754321,1,1,True,50~60%
2026-08-28,036460,한국가스공사보통주,37100.0,0.5232911304577383,상승,240,Logistic Regression,0.5800171547236399,2026-09-03T22:52:25+09:00,0.010781671159029615,1,1,True,50~60%
2026-08-28,111380,동인기연보통주,13470.0,0.5232463352382091,상승,241,Logistic Regression,0.5800171547236399,2026-09-03T22:52:25+09:00,0.009651076466221209,1,1,True,50~60%
2026-08-28,002150,도화엔지니어링보통주,5320.0,0.5232246636440865,상승,242,Logistic Regression,0.5800171547236399,2026-09-03T22:52:25+09:00,-0.011278195488721776,0,1,False,50~60%
2026-08-28,005810,풍산홀딩스보통주,38700.0,0.5232207133598459,상승,243,Logistic Regression,0.5800171547236399,2026-09-03T22:52:25+09:00,-0.01679586563307489,0,1,False,50~60%
2026-08-28,003470,유안타증권보통주,4755.0,0.5232067834730535,상승,244,Logistic Regression,0.5800171547236399,2026-09-03T22:52:25+09:00,0.00525762355415349,1,1,True,50~60%
2026-08-28,097230,HJ중공업보통주,17160.0,0.5231846294799853,상승,245,Logistic Regression,0.5800171547236399,2026-09-03T22:52:25+09:00,-0.038461538461538436,0,1,False,50~60%
2026-08-28,450080,에코프로머티보통주,38450.0,0.5231747288488946,상승,246,Logistic Regression,0.5800171547236399,2026-09-03T22:52:25+09:00,-0.0273081924577373,0,1,False,50~60%
2026-08-28,015360,INVENI보통주,14010.0,0.5231727647973369,상승,247,Logistic Regression,0.5800171547236399,2026-09-03T22:52:25+09:00,0.017130620985010614,1,1,True,50~60%
2026-08-28,001750,한양증권보통주,19790.0,0.5231141166156869,상승,248,Logistic Regression,0.5800171547236399,2026-09-03T22:52:25+09:00,-0.0035371399696816352,0,1,False,50~60%
2026-08-28,118000,메타케어보통주,1298.0,0.5231038754620814,상승,249,Logistic Regression,0.5800171547236399,2026-09-03T22:52:25+09:00,0.035439137134052334,1,1,True,50~60%
2026-08-28,001020,페이퍼코리아보통주,2345.0,0.5230832184418457,상승,250,Logistic Regression,0.5800171547236399,2026-09-03T22:52:25+09:00,0.05330490405117261,1,1,True,50~60%
2026-08-28,404990,신한서부티엔디리츠보통주,3890.0,0.5230791933100065,상승,251,Logistic Regression,0.5800171547236399,2026-09-03T22:52:25+09:00,0.007712082262210762,1,1,True,50~60%
2026-08-28,210540,디와이파워보통주,11650.0,0.5230729007985008,상승,252,Logistic Regression,0.5800171547236399,2026-09-03T22:52:25+09:00,-0.01030042918454932,0,1,False,50~60%
2026-08-28,100090,SK오션플랜트보통주,13830.0,0.5230492680360128,상승,253,Logistic Regression,0.5800171547236399,2026-09-03T22:52:25+09:00,-0.09978308026030369,0,1,False,50~60%
2026-08-28,012205,계양전기1우선주,5780.0,0.5230440434972993,상승,254,Logistic Regression,0.5800171547236399,2026-09-03T22:52:25+09:00,-0.04671280276816614,0,1,False,50~60%
2026-08-28,013580,계룡건설산업보통주,22300.0,0.5230298116996401,상승,255,Logistic Regression,0.5800171547236399,2026-09-03T22:52:25+09:00,-0.04484304932735428,0,1,False,50~60%
2026-08-28,272450,진에어보통주,5910.0,0.5230024940491846,상승,256,Logistic Regression,0.5800171547236399,2026-09-03T22:52:25+09:00,-0.0186125211505922,0,1,False,50~60%
2026-08-28,035510,신세계아이앤씨 보통주,13390.0,0.5229696218782318,상승,257,Logistic Regression,0.5800171547236399,2026-09-03T22:52:25+09:00,-0.01643017176997763,0,1,False,50~60%
2026-08-28,047040,대우건설보통주,19690.0,0.5229382142059409,상승,258,Logistic Regression,0.5800171547236399,2026-09-03T22:52:25+09:00,-0.14575926866429656,0,1,False,50~60%
2026-08-28,378850,화승알앤에이보통주,3010.0,0.52292430700976,상승,259,Logistic Regression,0.5800171547236399,2026-09-03T22:52:25+09:00,0.009966777408637828,1,1,True,50~60%
2026-08-28,084695,대상홀딩스 1우선주,11800.0,0.5229213821978965,상승,260,Logistic Regression,0.5800171547236399,2026-09-03T22:52:25+09:00,0.0016949152542373724,1,1,True,50~60%
2026-08-28,400760,엔에이치올원리츠보통주,2880.0,0.5229139321150288,상승,261,Logistic Regression,0.5800171547236399,2026-09-03T22:52:25+09:00,-0.00347222222222221,0,1,False,50~60%
2026-08-28,03473K,SK1우선주,378000.0,0.5228896076407833,상승,262,Logistic Regression,0.5800171547236399,2026-09-03T22:52:25+09:00,0.0978835978835979,1,1,True,50~60%
2026-08-28,024900,디와이덕양보통주,1699.0,0.5228775455596067,상승,263,Logistic Regression,0.5800171547236399,2026-09-03T22:52:25+09:00,0.008828722778104758,1,1,True,50~60%
2026-08-28,010040,한국내화보통주,1609.0,0.5228489543750859,상승,264,Logistic Regression,0.5800171547236399,2026-09-03T22:52:25+09:00,-0.006836544437538894,0,1,False,50~60%
2026-08-28,041650,상신브레이크보통주,2245.0,0.5228334649855816,상승,265,Logistic Regression,0.5800171547236399,2026-09-03T22:52:25+09:00,0.00222717149220486,1,1,True,50~60%
2026-08-28,009320,아진전자부품보통주,963.0,0.5228317334248064,상승,266,Logistic Regression,0.5800171547236399,2026-09-03T22:52:25+09:00,0.006230529595015577,1,1,True,50~60%
2026-08-28,001780,알루코 보통주,1668.0,0.5228247572794722,상승,267,Logistic Regression,0.5800171547236399,2026-09-03T22:52:25+09:00,-0.01618705035971224,0,1,False,50~60%
2026-08-28,014440,영보화학보통주,4690.0,0.5228190824459434,상승,268,Logistic Regression,0.5800171547236399,2026-09-03T22:52:25+09:00,0.002132196162046851,1,1,True,50~60%
2026-08-28,004100,태양금속공업보통주,2630.0,0.5228024304893861,상승,269,Logistic Regression,0.5800171547236399,2026-09-03T22:52:25+09:00,-0.011406844106463865,0,1,False,50~60%
2026-08-28,005430,한국공항보통주,83200.0,0.5227656982688206,상승,270,Logistic Regression,0.5800171547236399,2026-09-03T22:52:25+09:00,-0.033653846153846145,0,1,False,50~60%
2026-08-28,000105,유한양행1우선주,70400.0,0.5227518290717658,상승,271,Logistic Regression,0.5800171547236399,2026-09-03T22:52:25+09:00,0.0042613636363635354,1,1,True,50~60%
2026-08-28,000145,하이트진로홀딩스1우선주,9190.0,0.5227321870310739,상승,272,Logistic Regression,0.5800171547236399,2026-09-03T22:52:25+09:00,-0.0010881392818280489,0,1,False,50~60%
2026-08-28,007980,티피보통주,1761.0,0.5227077180836815,상승,273,Logistic Regression,0.5800171547236399,2026-09-03T22:52:25+09:00,-0.01249290176036344,0,1,False,50~60%
2026-08-28,003475,유안타증권1우선주,4265.0,0.5227037990366461,상승,274,Logistic Regression,0.5800171547236399,2026-09-03T22:52:25+09:00,0.017584994138335253,1,1,True,50~60%
2026-08-28,475150,에스케이이터닉스보통주,55800.0,0.5226890202932569,상승,275,Logistic Regression,0.5800171547236399,2026-09-03T22:52:25+09:00,-0.07168458781362008,0,1,False,50~60%
2026-08-28,072710,농심홀딩스보통주,95100.0,0.5226799107541313,상승,276,Logistic Regression,0.5800171547236399,2026-09-03T22:52:25+09:00,-0.001051524710830698,0,1,False,50~60%
2026-08-28,016800,퍼시스보통주,28050.0,0.5226208361621475,상승,277,Logistic Regression,0.5800171547236399,2026-09-03T22:52:25+09:00,-0.0089126559714795,0,1,False,50~60%
2026-08-28,000680,LS네트웍스보통주,3015.0,0.5225098943948169,상승,278,Logistic Regression,0.5800171547236399,2026-09-03T22:52:25+09:00,0.008291873963515828,1,1,True,50~60%
2026-08-28,010060,오씨아이홀딩스보통주,274500.0,0.5224906862693436,상승,279,Logistic Regression,0.5800171547236399,2026-09-03T22:52:25+09:00,-0.04007285974499086,0,1,False,50~60%
2026-08-28,001500,현대차증권보통주,8040.0,0.5224581134462127,상승,280,Logistic Regression,0.5800171547236399,2026-09-03T22:52:25+09:00,0.006218905472636926,1,1,True,50~60%
2026-08-28,003580,에이치엘비글로벌보통주,1528.0,0.5224085168931658,상승,281,Logistic Regression,0.5800171547236399,2026-09-03T22:52:25+09:00,0.032068062827225186,1,1,True,50~60%
2026-08-28,001940,KISCO홀딩스보통주,28300.0,0.5223907078102058,상승,282,Logistic Regression,0.5800171547236399,2026-09-03T22:52:25+09:00,-0.01590106007067138,0,1,False,50~60%
2026-08-28,306200,세아제강보통주,139300.0,0.5223736726950712,상승,283,Logistic Regression,0.5800171547236399,2026-09-03T22:52:25+09:00,0.002153625269203152,1,1,True,50~60%
2026-08-28,001525,동양1우선주,9150.0,0.5223696047342318,상승,284,Logistic Regression,0.5800171547236399,2026-09-03T22:52:25+09:00,-0.021857923497267784,0,1,False,50~60%
2026-08-28,003540,대신증권보통주,26950.0,0.5223369914430609,상승,285,Logistic Regression,0.5800171547236399,2026-09-03T22:52:25+09:00,-0.0018552875695733162,0,1,False,50~60%
2026-08-28,02826K,삼성물산1우선주(신형),238500.0,0.5223019317257895,상승,286,Logistic Regression,0.5800171547236399,2026-09-03T22:52:25+09:00,0.04192872117400426,1,1,True,50~60%
2026-08-28,010130,고려아연보통주,1375000.0,0.5223001381315245,상승,287,Logistic Regression,0.5800171547236399,2026-09-03T22:52:25+09:00,-0.09018181818181814,0,1,False,50~60%
2026-08-28,010400,우진아이엔에스보통주,4210.0,0.5222968711191807,상승,288,Logistic Regression,0.5800171547236399,2026-09-03T22:52:25+09:00,0.10332541567695963,1,1,True,50~60%
2026-08-28,033920,무학보통주,7910.0,0.5222807376124315,상승,289,Logistic Regression,0.5800171547236399,2026-09-03T22:52:25+09:00,-0.0012642225031606058,0,1,False,50~60%
2026-08-28,036530,SNT홀딩스보통주,46150.0,0.5221944072294876,상승,290,Logistic Regression,0.5800171547236399,2026-09-03T22:52:25+09:00,-0.008667388949079036,0,1,False,50~60%
2026-08-28,069960,현대백화점보통주,93400.0,0.522172130129477,상승,291,Logistic Regression,0.5800171547236399,2026-09-03T22:52:25+09:00,0.047109207708779355,1,1,True,50~60%
2026-08-28,005680,삼영전자공업보통주,12300.0,0.5221720632363164,상승,292,Logistic Regression,0.5800171547236399,2026-09-03T22:52:25+09:00,-0.007317073170731714,0,1,False,50~60%
2026-08-28,014280,금강공업보통주,4390.0,0.5221633978571288,상승,293,Logistic Regression,0.5800171547236399,2026-09-03T22:52:25+09:00,-0.02277904328018221,0,1,False,50~60%
2026-08-28,026890,스틱인베스트먼트보통주,8470.0,0.5221529145458577,상승,294,Logistic Regression,0.5800171547236399,2026-09-03T22:52:25+09:00,0.0011806375442739991,1,1,True,50~60%
2026-08-28,006800,미래에셋증권보통주,36150.0,0.5221475431001452,상승,295,Logistic Regression,0.5800171547236399,2026-09-03T22:52:25+09:00,-0.03457814661134162,0,1,False,50~60%
2026-08-28,002870,신풍보통주,975.0,0.5220883773169328,상승,296,Logistic Regression,0.5800171547236399,2026-09-03T22:52:25+09:00,0.02358974358974364,1,1,True,50~60%
2026-08-28,000180,성창기업지주보통주,5250.0,0.5220678944564712,상승,297,Logistic Regression,0.5800171547236399,2026-09-03T22:52:25+09:00,-0.007619047619047636,0,1,False,50~60%
2026-08-28,000850,화천기공보통주,36000.0,0.5220657119474996,상승,298,Logistic Regression,0.5800171547236399,2026-09-03T22:52:25+09:00,-0.008333333333333304,0,1,False,50~60%
2026-08-28,002760,보락보통주,1020.0,0.5220545453343629,상승,299,Logistic Regression,0.5800171547236399,2026-09-03T22:52:25+09:00,0.00588235294117645,1,1,True,50~60%
2026-08-28,008420,문배철강보통주,2165.0,0.5220394484284039,상승,300,Logistic Regression,0.5800171547236399,2026-09-03T22:52:25+09:00,0.006928406466512715,1,1,True,50~60%
2026-08-28,026940,부국철강 보통주,2110.0,0.5220174381719384,상승,301,Logistic Regression,0.5800171547236399,2026-09-03T22:52:25+09:00,0.021327014218009532,1,1,True,50~60%
2026-08-28,120030,조선선재 보통주,83000.0,0.5220001385662384,상승,302,Logistic Regression,0.5800171547236399,2026-09-03T22:52:25+09:00,0.010843373493975905,1,1,True,50~60%
2026-08-28,097520,엠씨넥스보통주,20150.0,0.5219872046990037,상승,303,Logistic Regression,0.5800171547236399,2026-09-03T22:52:25+09:00,0.02977667493796532,1,1,True,50~60%
2026-08-28,019680,대교보통주,1000.0,0.5219370953593485,상승,304,Logistic Regression,0.5800171547236399,2026-09-03T22:52:25+09:00,0.0,0,1,False,50~60%
2026-08-28,126720,수산인더스트리보통주,21800.0,0.5219169567756906,상승,305,Logistic Regression,0.5800171547236399,2026-09-03T22:52:25+09:00,-0.01834862385321101,0,1,False,50~60%
2026-08-28,011230,삼화전자공업보통주,2660.0,0.5219115039413618,상승,306,Logistic Regression,0.5800171547236399,2026-09-03T22:52:25+09:00,-0.02819548872180455,0,1,False,50~60%
2026-08-28,326030,에스케이바이오팜보통주,88000.0,0.5218829348139002,상승,307,Logistic Regression,0.5800171547236399,2026-09-03T22:52:25+09:00,0.011363636363636465,1,1,True,50~60%
2026-08-28,070960,모나용평보통주,2100.0,0.5218803108295844,상승,308,Logistic Regression,0.5800171547236399,2026-09-03T22:52:25+09:00,0.0,0,1,False,50~60%
2026-08-28,294870,아이파크현대산업개발보통주,23150.0,0.5218638688325055,상승,309,Logistic Regression,0.5800171547236399,2026-09-03T22:52:25+09:00,-0.004319654427645814,0,1,False,50~60%
2026-08-28,001510,SK증권보통주,2575.0,0.5218507626068347,상승,310,Logistic Regression,0.5800171547236399,2026-09-03T22:52:25+09:00,-0.01553398058252431,0,1,False,50~60%
2026-08-28,089860,롯데렌탈보통주,47700.0,0.5218388174248582,상승,311,Logistic Regression,0.5800171547236399,2026-09-03T22:52:25+09:00,0.07756813417190767,1,1,True,50~60%
2026-08-28,071970,에이치디현대마린엔진보통주,53100.0,0.5218001715240362,상승,312,Logistic Regression,0.5800171547236399,2026-09-03T22:52:25+09:00,-0.015065913370998163,0,1,False,50~60%
2026-08-28,339770,교촌에프앤비보통주,3825.0,0.521798388811608,상승,313,Logistic Regression,0.5800171547236399,2026-09-03T22:52:25+09:00,0.005228758169934622,1,1,True,50~60%
2026-08-28,163560,동일고무벨트보통주,5690.0,0.5217738322061364,상승,314,Logistic Regression,0.5800171547236399,2026-09-03T22:52:25+09:00,0.0035149384885764245,1,1,True,50~60%
2026-08-28,003480,한진중공업홀딩스보통주,4740.0,0.5217668698391926,상승,315,Logistic Regression,0.5800171547236399,2026-09-03T22:52:25+09:00,0.010548523206751037,1,1,True,50~60%
2026-08-28,017390,서울도시가스보통주,55600.0,0.5217571139790864,상승,316,Logistic Regression,0.5800171547236399,2026-09-03T22:52:25+09:00,0.02877697841726623,1,1,True,50~60%
2026-08-28,002810,삼영무역보통주,22250.0,0.5217548869740517,상승,317,Logistic Regression,0.5800171547236399,2026-09-03T22:52:25+09:00,0.004494382022471877,1,1,True,50~60%
2026-08-28,032560,황금에스티보통주,5730.0,0.5217546930173477,상승,318,Logistic Regression,0.5800171547236399,2026-09-03T22:52:25+09:00,-0.010471204188481686,0,1,False,50~60%
2026-08-28,452260,한화갤러리아보통주,2035.0,0.521747347192568,상승,319,Logistic Regression,0.5800171547236399,2026-09-03T22:52:25+09:00,0.039312039312039415,1,1,True,50~60%
2026-08-28,0030R0,대신밸류리츠위탁관리부동산투자회사보통주,3940.0,0.5217306964455911,상승,320,Logistic Regression,0.5800171547236399,2026-09-03T22:52:25+09:00,0.015228426395939021,1,1,True,50~60%
2026-08-28,002785,진흥기업1우선주(신형),1336.0,0.5217160951284561,상승,321,Logistic Regression,0.5800171547236399,2026-09-03T22:52:25+09:00,0.0,0,1,False,50~60%
2026-08-28,377190,디앤디플랫폼리츠보통주,2170.0,0.521701243744128,상승,322,Logistic Regression,0.5800171547236399,2026-09-03T22:52:25+09:00,0.02304147465437789,1,1,True,50~60%
2026-08-28,005380,현대자동차보통주,399500.0,0.5216923446864015,상승,323,Logistic Regression,0.5800171547236399,2026-09-03T22:52:25+09:00,0.0025031289111390187,1,1,True,50~60%
2026-08-28,006220,제주은행보통주,9890.0,0.5216765262862738,상승,324,Logistic Regression,0.5800171547236399,2026-09-03T22:52:25+09:00,0.02628918099089983,1,1,True,50~60%
2026-08-28,000210,DL보통주,50000.0,0.5216703073870299,상승,325,Logistic Regression,0.5800171547236399,2026-09-03T22:52:25+09:00,0.01200000000000001,1,1,True,50~60%
2026-08-28,009180,한솔로지스틱스보통주,2785.0,0.5216599726604495,상승,326,Logistic Regression,0.5800171547236399,2026-09-03T22:52:25+09:00,0.014362657091562037,1,1,True,50~60%
2026-08-28,001270,부국증권보통주,55500.0,0.5216329578996244,상승,327,Logistic Regression,0.5800171547236399,2026-09-03T22:52:25+09:00,0.0018018018018017834,1,1,True,50~60%
2026-08-28,075580,세진중공업보통주,10660.0,0.5215739664213944,상승,328,Logistic Regression,0.5800171547236399,2026-09-03T22:52:25+09:00,-0.0206378986866792,0,1,False,50~60%
2026-08-28,013360,일성건설보통주,1511.0,0.521547669149164,상승,329,Logistic Regression,0.5800171547236399,2026-09-03T22:52:25+09:00,-0.011250827266710783,0,1,False,50~60%
2026-08-28,018880,한온시스템보통주,3490.0,0.5215267908274883,상승,330,Logistic Regression,0.5800171547236399,2026-09-03T22:52:25+09:00,0.014326647564469885,1,1,True,50~60%
2026-08-28,092440,기신정기 보통주,2025.0,0.5214762398800379,상승,331,Logistic Regression,0.5800171547236399,2026-09-03T22:52:25+09:00,-0.012345679012345734,0,1,False,50~60%
2026-08-28,004910,조광페인트보통주,3665.0,0.521474410181304,상승,332,Logistic Regression,0.5800171547236399,2026-09-03T22:52:25+09:00,-0.01500682128240105,0,1,False,50~60%
2026-08-28,014530,극동유화보통주,3235.0,0.5214263772493629,상승,333,Logistic Regression,0.5800171547236399,2026-09-03T22:52:25+09:00,-0.0015455950540957941,0,1,False,50~60%
2026-08-28,000720,현대건설보통주,128900.0,0.5214217369920859,상승,334,Logistic Regression,0.5800171547236399,2026-09-03T22:52:25+09:00,-0.06361520558572542,0,1,False,50~60%
2026-08-28,003545,대신증권1우선주,20350.0,0.5214110380592601,상승,335,Logistic Regression,0.5800171547236399,2026-09-03T22:52:25+09:00,0.01228501228501222,1,1,True,50~60%
2026-08-28,005940,엔에이치투자증권보통주,26650.0,0.5213995657617149,상승,336,Logistic Regression,0.5800171547236399,2026-09-03T22:52:25+09:00,-0.0056285178236398226,0,1,False,50~60%
2026-08-28,003830,대한화섬보통주,116500.0,0.5213800944508112,상승,337,Logistic Regression,0.5800171547236399,2026-09-03T22:52:25+09:00,-0.0025751072961373023,0,1,False,50~60%
2026-08-28,004920,씨아이테크보통주,916.0,0.5213491936949363,상승,338,Logistic Regression,0.5800171547236399,2026-09-03T22:52:25+09:00,0.009825327510917026,1,1,True,50~60%
2026-08-28,373220,LG에너지솔루션보통주,370000.0,0.5213067758758492,상승,339,Logistic Regression,0.5800171547236399,2026-09-03T22:52:25+09:00,-0.008108108108108136,0,1,False,50~60%
2026-08-28,001630,종근당홀딩스보통주,39200.0,0.5213042890559345,상승,340,Logistic Regression,0.5800171547236399,2026-09-03T22:52:25+09:00,0.0063775510204082675,1,1,True,50~60%
2026-08-28,071090,하이스틸 보통주,3125.0,0.5212887280547333,상승,341,Logistic Regression,0.5800171547236399,2026-09-03T22:52:25+09:00,-0.01759999999999995,0,1,False,50~60%
2026-08-28,009270,신원보통주,1134.0,0.5212811654627211,상승,342,Logistic Regression,0.5800171547236399,2026-09-03T22:52:25+09:00,0.002645502645502562,1,1,True,50~60%
2026-08-28,015230,대창단조보통주,6360.0,0.5212542153658349,상승,343,Logistic Regression,0.5800171547236399,2026-09-03T22:52:25+09:00,-0.018867924528301883,0,1,False,50~60%
2026-08-28,26490K,크라운제과1우선주,7730.0,0.5212459719165908,상승,344,Logistic Regression,0.5800171547236399,2026-09-03T22:52:25+09:00,0.0077619663648125226,1,1,True,50~60%
2026-08-28,090350,노루페인트 보통주,8210.0,0.5211747654640907,상승,345,Logistic Regression,0.5800171547236399,2026-09-03T22:52:25+09:00,-0.013398294762484775,0,1,False,50~60%
2026-08-28,372910,한컴라이프케어보통주,1850.0,0.5211742695709183,상승,346,Logistic Regression,0.5800171547236399,2026-09-03T22:52:25+09:00,0.003783783783783745,1,1,True,50~60%
2026-08-28,088790,진도 보통주,2105.0,0.5210281019731492,상승,347,Logistic Regression,0.5800171547236399,2026-09-03T22:52:25+09:00,0.11401425178147262,1,1,True,50~60%
2026-08-28,000500,가온전선보통주,204000.0,0.5210234335607772,상승,348,Logistic Regression,0.5800171547236399,2026-09-03T22:52:25+09:00,0.022058823529411686,1,1,True,50~60%
2026-08-28,307950,현대오토에버보통주,416000.0,0.5210162430189369,상승,349,Logistic Regression,0.5800171547236399,2026-09-03T22:52:25+09:00,-0.024038461538461564,0,1,False,50~60%
2026-08-28,017670,SK텔레콤보통주,98600.0,0.5210143348373211,상승,350,Logistic Regression,0.5800171547236399,2026-09-03T22:52:25+09:00,-0.04056795131845847,0,1,False,50~60%
2026-08-28,002460,에이치에스화성보통주,10860.0,0.52100338370209,상승,351,Logistic Regression,0.5800171547236399,2026-09-03T22:52:25+09:00,0.0036832412523020164,1,1,True,50~60%
2026-08-28,008870,금비보통주,39100.0,0.5209677866171175,상승,352,Logistic Regression,0.5800171547236399,2026-09-03T22:52:25+09:00,0.01406649616368294,1,1,True,50~60%
2026-08-28,112610,씨에스윈드보통주,49400.0,0.5209333319768935,상승,353,Logistic Regression,0.5800171547236399,2026-09-03T22:52:25+09:00,-0.04251012145748989,0,1,False,50~60%
2026-08-28,443060,에이치디현대마린솔루션보통주,221000.0,0.5209315113289579,상승,354,Logistic Regression,0.5800171547236399,2026-09-03T22:52:25+09:00,-0.08144796380090502,0,1,False,50~60%
2026-08-28,013870,지엠비코리아보통주,3890.0,0.5208331619931167,상승,355,Logistic Regression,0.5800171547236399,2026-09-03T22:52:25+09:00,0.02570694087403602,1,1,True,50~60%
2026-08-28,027740,마니커보통주,1525.0,0.5208100987808714,상승,356,Logistic Regression,0.5800171547236399,2026-09-03T22:52:25+09:00,0.02688524590163932,1,1,True,50~60%
2026-08-28,058860,케이티아이에스보통주,2595.0,0.5207810335425469,상승,357,Logistic Regression,0.5800171547236399,2026-09-03T22:52:25+09:00,-0.005780346820809301,0,1,False,50~60%
2026-08-28,016360,삼성증권보통주,88500.0,0.5207750496400361,상승,358,Logistic Regression,0.5800171547236399,2026-09-03T22:52:25+09:00,-0.002259887005649719,0,1,False,50~60%
2026-08-28,018670,SK가스보통주,230000.0,0.5207534952112302,상승,359,Logistic Regression,0.5800171547236399,2026-09-03T22:52:25+09:00,0.021739130434782705,1,1,True,50~60%
2026-08-28,000970,한국주철관공업보통주,6730.0,0.5207016149734589,상승,360,Logistic Regression,0.5800171547236399,2026-09-03T22:52:25+09:00,-0.002971768202080227,0,1,False,50~60%
2026-08-28,005500,삼진제약보통주,18430.0,0.5206915427736822,상승,361,Logistic Regression,0.5800171547236399,2026-09-03T22:52:25+09:00,0.02116115029842658,1,1,True,50~60%
2026-08-28,075180,새론오토모티브,2960.0,0.5206682137085422,상승,362,Logistic Regression,0.5800171547236399,2026-09-03T22:52:25+09:00,-0.0016891891891891442,0,1,False,50~60%
2026-08-28,007810,코리아써키트보통주,60100.0,0.5206648932461576,상승,363,Logistic Regression,0.5800171547236399,2026-09-03T22:52:25+09:00,-0.011647254575707144,0,1,False,50~60%
2026-08-28,18064K,한진칼1우선주,29550.0,0.5206406077423622,상승,364,Logistic Regression,0.5800171547236399,2026-09-03T22:52:25+09:00,0.006768189509306355,1,1,True,50~60%
2026-08-28,066575,LG전자1우선주,73100.0,0.5206322306865155,상승,365,Logistic Regression,0.5800171547236399,2026-09-03T22:52:25+09:00,0.025991792065663377,1,1,True,50~60%
2026-08-28,105630,한세실업보통주,8930.0,0.520630259082175,상승,366,Logistic Regression,0.5800171547236399,2026-09-03T22:52:25+09:00,0.01903695408734607,1,1,True,50~60%
2026-08-28,004360,세방보통주,13670.0,0.5205982646534552,상승,367,Logistic Regression,0.5800171547236399,2026-09-03T22:52:25+09:00,-0.002926115581565525,0,1,False,50~60%
2026-08-28,007340,디엔오토모티브보통주,47200.0,0.5205761782764975,상승,368,Logistic Regression,0.5800171547236399,2026-09-03T22:52:25+09:00,-0.021186440677966156,0,1,False,50~60%
2026-08-28,460850,동국씨엠보통주,5360.0,0.5205752246576862,상승,369,Logistic Regression,0.5800171547236399,2026-09-03T22:52:25+09:00,-0.007462686567164201,0,1,False,50~60%
2026-08-28,293940,신한알파리츠보통주,5510.0,0.5205672634475645,상승,370,Logistic Regression,0.5800171547236399,2026-09-03T22:52:25+09:00,-0.016333938294010864,0,1,False,50~60%
2026-08-28,100840,SNT에너지보통주,32500.0,0.5205479593496748,상승,371,Logistic Regression,0.5800171547236399,2026-09-03T22:52:25+09:00,0.009230769230769154,1,1,True,50~60%
2026-08-28,003465,유화증권1우선주,3075.0,0.5205067392405148,상승,372,Logistic Regression,0.5800171547236399,2026-09-03T22:52:25+09:00,-0.009756097560975618,0,1,False,50~60%
2026-08-28,102460,이연제약보통주,9980.0,0.5204955830293975,상승,373,Logistic Regression,0.5800171547236399,2026-09-03T22:52:25+09:00,-0.0030060120240480437,0,1,False,50~60%
2026-08-28,011210,현대위아보통주,59700.0,0.52047508368738,상승,374,Logistic Regression,0.5800171547236399,2026-09-03T22:52:25+09:00,-0.011725293132328285,0,1,False,50~60%
2026-08-28,058650,세아홀딩스보통주,134700.0,0.5204711535411761,상승,375,Logistic Regression,0.5800171547236399,2026-09-03T22:52:25+09:00,0.02598366740905722,1,1,True,50~60%
2026-08-28,023810,인팩보통주,5200.0,0.5204159116639127,상승,376,Logistic Regression,0.5800171547236399,2026-09-03T22:52:25+09:00,-0.009615384615384581,0,1,False,50~60%
2026-08-28,012630,HDC보통주,23200.0,0.5203838623449143,상승,377,Logistic Regression,0.5800171547236399,2026-09-03T22:52:25+09:00,-0.03663793103448276,0,1,False,50~60%
2026-08-28,025540,한국단자공업보통주,55700.0,0.5203824564770523,상승,378,Logistic Regression,0.5800171547236399,2026-09-03T22:52:25+09:00,-0.0035906642728904536,0,1,False,50~60%
2026-08-28,008250,이건산업보통주,3285.0,0.5203660059067329,상승,379,Logistic Regression,0.5800171547236399,2026-09-03T22:52:25+09:00,-0.0547945205479452,0,1,False,50~60%
2026-08-28,432320,KB스타리츠보통주,1427.0,0.5203380791494819,상승,380,Logistic Regression,0.5800171547236399,2026-09-03T22:52:25+09:00,0.015416958654519863,1,1,True,50~60%
2026-08-28,051600,한전KPS 보통주,47050.0,0.5203334961163052,상승,381,Logistic Regression,0.5800171547236399,2026-09-03T22:52:25+09:00,-0.03613177470775775,0,1,False,50~60%
2026-08-28,034310,NICE보통주,13500.0,0.5203072734511262,상승,382,Logistic Regression,0.5800171547236399,2026-09-03T22:52:25+09:00,-0.01851851851851849,0,1,False,50~60%
2026-08-28,012030,DB Inc.보통주,1484.0,0.5202972219465545,상승,383,Logistic Regression,0.5800171547236399,2026-09-03T22:52:25+09:00,0.058625336927223826,1,1,True,50~60%
2026-08-28,134380,미원화학보통주,10510.0,0.5202209488109791,상승,384,Logistic Regression,0.5800171547236399,2026-09-03T22:52:25+09:00,-0.01902949571836343,0,1,False,50~60%
2026-08-28,030610,교보증권보통주,10230.0,0.5202196896285153,상승,385,Logistic Regression,0.5800171547236399,2026-09-03T22:52:25+09:00,0.009775171065493637,1,1,True,50~60%
2026-08-28,308170,씨티알모빌리티보통주,3625.0,0.5202161489757093,상승,386,Logistic Regression,0.5800171547236399,2026-09-03T22:52:25+09:00,0.004137931034482678,1,1,True,50~60%
2026-08-28,004090,한국석유공업보통주,11250.0,0.5201616484094843,상승,387,Logistic Regression,0.5800171547236399,2026-09-03T22:52:25+09:00,-0.003555555555555534,0,1,False,50~60%
2026-08-28,078935,GS1우선주,65700.0,0.5201595626828104,상승,388,Logistic Regression,0.5800171547236399,2026-09-03T22:52:25+09:00,-0.013698630136986356,0,1,False,50~60%
2026-08-28,003080,에스비성보보통주,2225.0,0.5201277466745077,상승,389,Logistic Regression,0.5800171547236399,2026-09-03T22:52:25+09:00,0.004494382022471877,1,1,True,50~60%
2026-08-28,001440,대한전선보통주,29700.0,0.5201185702877821,상승,390,Logistic Regression,0.5800171547236399,2026-09-03T22:52:25+09:00,-0.03535353535353536,0,1,False,50~60%
2026-08-28,009420,한올바이오파마보통주,64600.0,0.5201153490655666,상승,391,Logistic Regression,0.5800171547236399,2026-09-03T22:52:25+09:00,-0.1470588235294118,0,1,False,50~60%
2026-08-28,271980,제일약품보통주,10100.0,0.5201123240574508,상승,392,Logistic Regression,0.5800171547236399,2026-09-03T22:52:25+09:00,0.1297029702970296,1,1,True,50~60%
2026-08-28,007860,서연보통주,7930.0,0.5201063687612896,상승,393,Logistic Regression,0.5800171547236399,2026-09-03T22:52:25+09:00,0.01261034047919285,1,1,True,50~60%
2026-08-28,090370,메타랩스보통주,1095.0,0.5201001164851511,상승,394,Logistic Regression,0.5800171547236399,2026-09-03T22:52:25+09:00,0.11415525114155245,1,1,True,50~60%
2026-08-28,014285,금강공업1우선주,5320.0,0.5200924029620954,상승,395,Logistic Regression,0.5800171547236399,2026-09-03T22:52:25+09:00,0.07330827067669166,1,1,True,50~60%
2026-08-28,011150,CJ씨푸드보통주,2050.0,0.5200768457182735,상승,396,Logistic Regression,0.5800171547236399,2026-09-03T22:52:25+09:00,0.0,0,1,False,50~60%
2026-08-28,003000,부광약품보통주,4200.0,0.5200565892078491,상승,397,Logistic Regression,0.5800171547236399,2026-09-03T22:52:25+09:00,0.04285714285714293,1,1,True,50~60%
2026-08-28,45226K,한화갤러리아1우선주,4055.0,0.5200561043101372,상승,398,Logistic Regression,0.5800171547236399,2026-09-03T22:52:25+09:00,0.004932182490752224,1,1,True,50~60%
2026-08-28,403550,쏘카보통주,11260.0,0.5200542890867481,상승,399,Logistic Regression,0.5800171547236399,2026-09-03T22:52:25+09:00,0.014209591474245054,1,1,True,50~60%
2026-08-28,007540,샘표보통주,43950.0,0.5200532056410275,상승,400,Logistic Regression,0.5800171547236399,2026-09-03T22:52:25+09:00,0.005688282138794021,1,1,True,50~60%
2026-08-28,016380,KG스틸보통주,5620.0,0.5200403331348371,상승,401,Logistic Regression,0.5800171547236399,2026-09-03T22:52:25+09:00,-0.017793594306049876,0,1,False,50~60%
2026-08-28,084010,대한제강 보통주,8420.0,0.5200157272766834,상승,402,Logistic Regression,0.5800171547236399,2026-09-03T22:52:25+09:00,0.029691211401425166,1,1,True,50~60%
2026-08-28,006090,사조오양보통주,9110.0,0.5199869298291284,상승,403,Logistic Regression,0.5800171547236399,2026-09-03T22:52:25+09:00,0.016465422612513825,1,1,True,50~60%
2026-08-28,030200,케이티보통주,54500.0,0.5199691235461582,상승,404,Logistic Regression,0.5800171547236399,2026-09-03T22:52:25+09:00,-0.00917431192660545,0,1,False,50~60%
2026-08-28,005740,크라운해태홀딩스보통주,5720.0,0.5199638266942076,상승,405,Logistic Regression,0.5800171547236399,2026-09-03T22:52:25+09:00,-0.006993006993006978,0,1,False,50~60%
2026-08-28,000087,하이트진로2우선주(신형),12360.0,0.5199448173980784,상승,406,Logistic Regression,0.5800171547236399,2026-09-03T22:52:25+09:00,0.0016181229773462036,1,1,True,50~60%
2026-08-28,058850,케이티씨에스보통주,2235.0,0.5199335282079979,상승,407,Logistic Regression,0.5800171547236399,2026-09-03T22:52:25+09:00,-0.01118568232662187,0,1,False,50~60%
2026-08-28,086280,현대글로비스보통주,205000.0,0.5199193353721074,상승,408,Logistic Regression,0.5800171547236399,2026-09-03T22:52:25+09:00,0.02195121951219514,1,1,True,50~60%
2026-08-28,004270,남성보통주,4935.0,0.5199049929015095,상승,409,Logistic Regression,0.5800171547236399,2026-09-03T22:52:25+09:00,0.003039513677811634,1,1,True,50~60%
2026-08-28,005725,넥센1우선주,4450.0,0.5198998934102376,상승,410,Logistic Regression,0.5800171547236399,2026-09-03T22:52:25+09:00,-0.024719101123595544,0,1,False,50~60%
2026-08-28,003650,미창석유공업보통주,141800.0,0.5198568036928468,상승,411,Logistic Regression,0.5800171547236399,2026-09-03T22:52:25+09:00,-0.038787023977433055,0,1,False,50~60%
2026-08-28,007575,일양약품1우선주,8240.0,0.5198323909800726,상승,412,Logistic Regression,0.5800171547236399,2026-09-03T22:52:25+09:00,0.0060679611650484855,1,1,True,50~60%
2026-08-28,012610,경인양행보통주,3245.0,0.5197745317016826,상승,413,Logistic Regression,0.5800171547236399,2026-09-03T22:52:25+09:00,-0.007704160246533087,0,1,False,50~60%
2026-08-28,002070,비비안보통주,4855.0,0.5197081436780769,상승,414,Logistic Regression,0.5800171547236399,2026-09-03T22:52:25+09:00,-0.008238928939237944,0,1,False,50~60%
2026-08-28,006980,우성보통주,15690.0,0.5197042427519407,상승,415,Logistic Regression,0.5800171547236399,2026-09-03T22:52:25+09:00,0.006373486297004405,1,1,True,50~60%
2026-08-28,129260,인터지스보통주,1968.0,0.5196803957164119,상승,416,Logistic Regression,0.5800171547236399,2026-09-03T22:52:25+09:00,-0.02083333333333337,0,1,False,50~60%
2026-08-28,008350,남선알미늄보통주,1053.0,0.5196771113385776,상승,417,Logistic Regression,0.5800171547236399,2026-09-03T22:52:25+09:00,-0.0047483380816714105,0,1,False,50~60%
2026-08-28,214390,경보제약보통주,5350.0,0.5196533653744099,상승,418,Logistic Regression,0.5800171547236399,2026-09-03T22:52:25+09:00,0.031775700934579376,1,1,True,50~60%
2026-08-28,009835,한화솔루션1우선주,17860.0,0.5196322724768353,상승,419,Logistic Regression,0.5800171547236399,2026-09-03T22:52:25+09:00,-0.014557670772676334,0,1,False,50~60%
2026-08-28,001460,BYC보통주,38300.0,0.5196287805437633,상승,420,Logistic Regression,0.5800171547236399,2026-09-03T22:52:25+09:00,-0.011749347258485643,0,1,False,50~60%
2026-08-28,003690,코리안리재보험보통주,14640.0,0.5196191226132797,상승,421,Logistic Regression,0.5800171547236399,2026-09-03T22:52:25+09:00,0.002732240437158362,1,1,True,50~60%
2026-08-28,133820,화인베스틸보통주,963.0,0.5196189689607619,상승,422,Logistic Regression,0.5800171547236399,2026-09-03T22:52:25+09:00,-0.006230529595015577,0,1,False,50~60%
2026-08-28,063160,종근당바이오보통주,14140.0,0.5196171171677524,상승,423,Logistic Regression,0.5800171547236399,2026-09-03T22:52:25+09:00,-0.0028288543140028155,0,1,False,50~60%
2026-08-28,139990,아주스틸보통주,2280.0,0.5196138532009257,상승,424,Logistic Regression,0.5800171547236399,2026-09-03T22:52:25+09:00,0.0,0,1,False,50~60%
2026-08-28,000320,노루홀딩스보통주,17610.0,0.519613453801796,상승,425,Logistic Regression,0.5800171547236399,2026-09-03T22:52:25+09:00,-0.023850085178875657,0,1,False,50~60%
2026-08-28,017370,우신시스템보통주,3745.0,0.5195959181440315,상승,426,Logistic Regression,0.5800171547236399,2026-09-03T22:52:25+09:00,-0.020026702269692942,0,1,False,50~60%
2026-08-28,487570,에이치에스효성보통주,47900.0,0.5195543876611571,상승,427,Logistic Regression,0.5800171547236399,2026-09-03T22:52:25+09:00,0.005219206680584509,1,1,True,50~60%
2026-08-28,003620,KG모빌리티보통주,2690.0,0.519530154442625,상승,428,Logistic Regression,0.5800171547236399,2026-09-03T22:52:25+09:00,-0.0074349442379182396,0,1,False,50~60%
2026-08-28,028260,삼성물산보통주,375000.0,0.5194907816718568,상승,429,Logistic Regression,0.5800171547236399,2026-09-03T22:52:25+09:00,0.041333333333333444,1,1,True,50~60%
2026-08-28,298000,효성화학보통주,59500.0,0.5193796380197707,상승,430,Logistic Regression,0.5800171547236399,2026-09-03T22:52:25+09:00,-0.04033613445378148,0,1,False,50~60%
2026-08-28,023960,에쓰씨엔지니어링보통주,1000.0,0.5193795999977988,상승,431,Logistic Regression,0.5800171547236399,2026-09-03T22:52:25+09:00,0.03499999999999992,1,1,True,50~60%
2026-08-28,000910,유니온보통주,3010.0,0.5193760356819661,상승,432,Logistic Regression,0.5800171547236399,2026-09-03T22:52:25+09:00,-0.0033222591362126463,0,1,False,50~60%
2026-08-28,007570,일양약품보통주,8500.0,0.5193713048680958,상승,433,Logistic Regression,0.5800171547236399,2026-09-03T22:52:25+09:00,0.010588235294117565,1,1,True,50~60%
2026-08-28,126560,현대퓨처넷보통주,3310.0,0.5193670407564817,상승,434,Logistic Regression,0.5800171547236399,2026-09-03T22:52:25+09:00,0.03474320241691853,1,1,True,50~60%
2026-08-28,100220,비상교육 보통주,4945.0,0.5193514000324165,상승,435,Logistic Regression,0.5800171547236399,2026-09-03T22:52:25+09:00,0.004044489383215444,1,1,True,50~60%
2026-08-28,019180,티에이치엔보통주,5490.0,0.5193419337641138,상승,436,Logistic Regression,0.5800171547236399,2026-09-03T22:52:25+09:00,-0.04371584699453557,0,1,False,50~60%
2026-08-28,034220,LG디스플레이보통주,9620.0,0.519339235895236,상승,437,Logistic Regression,0.5800171547236399,2026-09-03T22:52:25+09:00,-0.03534303534303529,0,1,False,50~60%
2026-08-28,012450,한화에어로스페이스보통주,1157000.0,0.5193262417551467,상승,438,Logistic Regression,0.5800171547236399,2026-09-03T22:52:25+09:00,-0.0855661192739845,0,1,False,50~60%
2026-08-28,415640,케이비발해인프라투융자회사보통주,10450.0,0.5193040249357423,상승,439,Logistic Regression,0.5800171547236399,2026-09-03T22:52:25+09:00,0.008612440191387627,1,1,True,50~60%
2026-08-28,336370,솔루스첨단소재보통주,7850.0,0.5193036531914296,상승,440,Logistic Regression,0.5800171547236399,2026-09-03T22:52:25+09:00,0.01273885350318471,1,1,True,50~60%
2026-08-28,002620,제일파마홀딩스보통주,7440.0,0.5192871997633423,상승,441,Logistic Regression,0.5800171547236399,2026-09-03T22:52:25+09:00,0.021505376344086002,1,1,True,50~60%
2026-08-28,004985,성신양회1우선주,8440.0,0.5192839510726183,상승,442,Logistic Regression,0.5800171547236399,2026-09-03T22:52:25+09:00,0.0,0,1,False,50~60%
2026-08-28,011200,에이치엠엠보통주,21700.0,0.5192681770270476,상승,443,Logistic Regression,0.5800171547236399,2026-09-03T22:52:25+09:00,-0.016129032258064502,0,1,False,50~60%
2026-08-28,064960,SNT모티브보통주,25850.0,0.5192323792990842,상승,444,Logistic Regression,0.5800171547236399,2026-09-03T22:52:25+09:00,0.029013539651837617,1,1,True,50~60%
2026-08-28,036580,팜스코보통주,2535.0,0.5192112842853714,상승,445,Logistic Regression,0.5800171547236399,2026-09-03T22:52:25+09:00,-0.0039447731755424265,0,1,False,50~60%
2026-08-28,002960,한국쉘석유보통주,501000.0,0.5191819901286224,상승,446,Logistic Regression,0.5800171547236399,2026-09-03T22:52:25+09:00,-0.005988023952095856,0,1,False,50~60%
2026-08-28,016450,한세예스24홀딩스보통주,4625.0,0.519179219485066,상승,447,Logistic Regression,0.5800171547236399,2026-09-03T22:52:25+09:00,-0.019459459459459483,0,1,False,50~60%
2026-08-28,377300,카카오페이보통주,47350.0,0.5191746064560369,상승,448,Logistic Regression,0.5800171547236399,2026-09-03T22:52:25+09:00,-0.03062302006335793,0,1,False,50~60%
2026-08-28,005800,신영와코루보통주,13460.0,0.5191712811170968,상승,449,Logistic Regression,0.5800171547236399,2026-09-03T22:52:25+09:00,0.0014858841010401136,1,1,True,50~60%
2026-08-28,213500,한솔제지보통주,7540.0,0.5191244847255847,상승,450,Logistic Regression,0.5800171547236399,2026-09-03T22:52:25+09:00,0.0053050397877985045,1,1,True,50~60%
2026-08-28,010770,평화홀딩스보통주,3680.0,0.5190978764322817,상승,451,Logistic Regression,0.5800171547236399,2026-09-03T22:52:25+09:00,-0.014945652173913082,0,1,False,50~60%
2026-08-28,082740,한화엔진보통주,48250.0,0.5190952242683057,상승,452,Logistic Regression,0.5800171547236399,2026-09-03T22:52:25+09:00,-0.00829015544041456,0,1,False,50~60%
2026-08-28,011760,현대코퍼레이션보통주,25850.0,0.5190932850292853,상승,453,Logistic Regression,0.5800171547236399,2026-09-03T22:52:25+09:00,-0.003868471953578312,0,1,False,50~60%
2026-08-28,279570,케이뱅크보통주,5700.0,0.5190666661815916,상승,454,Logistic Regression,0.5800171547236399,2026-09-03T22:52:25+09:00,-0.00877192982456143,0,1,False,50~60%
2026-08-28,009450,경동나비엔보통주,63300.0,0.519010770501911,상승,455,Logistic Regression,0.5800171547236399,2026-09-03T22:52:25+09:00,-0.023696682464455,0,1,False,50~60%
2026-08-28,004720,팜젠사이언스보통주,3255.0,0.519007904521071,상승,456,Logistic Regression,0.5800171547236399,2026-09-03T22:52:25+09:00,-0.001536098310291889,0,1,False,50~60%
2026-08-28,001380,SG글로벌보통주,1308.0,0.5189956550679611,상승,457,Logistic Regression,0.5800171547236399,2026-09-03T22:52:25+09:00,0.005351681957186605,1,1,True,50~60%
2026-08-28,33637K,솔루스첨단소재1우선주,1447.0,0.5189949439623046,상승,458,Logistic Regression,0.5800171547236399,2026-09-03T22:52:25+09:00,-0.0006910850034553828,0,1,False,50~60%
2026-08-28,016610,DB증권보통주,9870.0,0.5189900474637484,상승,459,Logistic Regression,0.5800171547236399,2026-09-03T22:52:25+09:00,0.015197568389057725,1,1,True,50~60%
2026-08-28,267260,에이치디현대일렉트릭보통주,814000.0,0.5189084120986363,상승,460,Logistic Regression,0.5800171547236399,2026-09-03T22:52:25+09:00,-0.055282555282555323,0,1,False,50~60%
2026-08-28,117580,대성에너지보통주,6930.0,0.5188583970575616,상승,461,Logistic Regression,0.5800171547236399,2026-09-03T22:52:25+09:00,-0.0043290043290042934,0,1,False,50~60%
2026-08-28,123700,SJM보통주,3435.0,0.5188555840979217,상승,462,Logistic Regression,0.5800171547236399,2026-09-03T22:52:25+09:00,-0.013100436681222738,0,1,False,50~60%
2026-08-28,096775,SK이노베이션 1우선주,62800.0,0.5188406680800588,상승,463,Logistic Regression,0.5800171547236399,2026-09-03T22:52:25+09:00,0.07643312101910826,1,1,True,50~60%
2026-08-28,058730,다스코보통주,3420.0,0.5188366465391222,상승,464,Logistic Regression,0.5800171547236399,2026-09-03T22:52:25+09:00,0.042397660818713545,1,1,True,50~60%
2026-08-28,001120,LX인터내셔널보통주,38600.0,0.5188285605865898,상승,465,Logistic Regression,0.5800171547236399,2026-09-03T22:52:25+09:00,0.02849740932642497,1,1,True,50~60%
2026-08-28,000157,두산2우선주(신형),344500.0,0.518808600141978,상승,466,Logistic Regression,0.5800171547236399,2026-09-03T22:52:25+09:00,-0.0014513788098693414,0,1,False,50~60%
2026-08-28,023350,한국종합기술보통주,4040.0,0.518763864963141,상승,467,Logistic Regression,0.5800171547236399,2026-09-03T22:52:25+09:00,0.0,0,1,False,50~60%
2026-08-28,33626K,두산퓨얼셀1우선주,5790.0,0.5187601359980474,상승,468,Logistic Regression,0.5800171547236399,2026-09-03T22:52:25+09:00,0.024179620034542326,1,1,True,50~60%
2026-08-28,001340,피케이씨보통주,5140.0,0.5187158978292548,상승,469,Logistic Regression,0.5800171547236399,2026-09-03T22:52:25+09:00,0.009727626459143934,1,1,True,50~60%
2026-08-28,008775,호텔신라1우선주,29200.0,0.5187047489325942,상승,470,Logistic Regression,0.5800171547236399,2026-09-03T22:52:25+09:00,0.0,0,1,False,50~60%
2026-08-28,004830,덕성보통주,3370.0,0.5187004593379354,상승,471,Logistic Regression,0.5800171547236399,2026-09-03T22:52:25+09:00,0.008902077151335286,1,1,True,50~60%
2026-08-28,081000,일진다이아몬드 보통주,9600.0,0.5186873901967232,상승,472,Logistic Regression,0.5800171547236399,2026-09-03T22:52:25+09:00,0.002083333333333437,1,1,True,50~60%
2026-08-28,004140,동방보통주,1859.0,0.5186828084571282,상승,473,Logistic Regression,0.5800171547236399,2026-09-03T22:52:25+09:00,-0.019903173749327596,0,1,False,50~60%
2026-08-28,016580,환인제약보통주,10170.0,0.518681437330429,상승,474,Logistic Regression,0.5800171547236399,2026-09-03T22:52:25+09:00,0.01179941002949847,1,1,True,50~60%
2026-08-28,357430,마스턴프리미어리츠보통주,907.0,0.5186169254999595,상승,475,Logistic Regression,0.5800171547236399,2026-09-03T22:52:25+09:00,0.025358324145534628,1,1,True,50~60%
2026-08-28,009680,모토닉보통주,10250.0,0.5186166755330002,상승,476,Logistic Regression,0.5800171547236399,2026-09-03T22:52:25+09:00,0.013658536585365866,1,1,True,50~60%
2026-08-28,000050,경방보통주,8320.0,0.5185803845658062,상승,477,Logistic Regression,0.5800171547236399,2026-09-03T22:52:25+09:00,0.0036057692307691624,1,1,True,50~60%
2026-08-28,013570,디와이보통주,4500.0,0.5185059247870442,상승,478,Logistic Regression,0.5800171547236399,2026-09-03T22:52:25+09:00,-0.0377777777777778,0,1,False,50~60%
2026-08-28,002787,진흥기업2우선주(신형),2895.0,0.5184733448196065,상승,479,Logistic Regression,0.5800171547236399,2026-09-03T22:52:25+09:00,0.0,0,1,False,50~60%
2026-08-28,020150,롯데에너지머티리얼즈보통주,35300.0,0.5184532830712938,상승,480,Logistic Regression,0.5800171547236399,2026-09-03T22:52:25+09:00,0.12889518413597734,1,1,True,50~60%
2026-08-28,088980,맥쿼리한국인프라투융자회사 보통주,9960.0,0.5184526541449858,상승,481,Logistic Regression,0.5800171547236399,2026-09-03T22:52:25+09:00,0.0,0,1,False,50~60%
2026-08-28,004255,NPC1우선주,1847.0,0.5184496688052789,상승,482,Logistic Regression,0.5800171547236399,2026-09-03T22:52:25+09:00,0.01461829994585817,1,1,True,50~60%
2026-08-28,344820,케이씨씨글라스보통주,25300.0,0.5184405803364435,상승,483,Logistic Regression,0.5800171547236399,2026-09-03T22:52:25+09:00,0.0019762845849802257,1,1,True,50~60%
2026-08-28,001130,대한제분보통주,11520.0,0.5184160944156614,상승,484,Logistic Regression,0.5800171547236399,2026-09-03T22:52:25+09:00,0.02604166666666674,1,1,True,50~60%
2026-08-28,006880,신송홀딩스보통주,4480.0,0.5184028658123461,상승,485,Logistic Regression,0.5800171547236399,2026-09-03T22:52:25+09:00,-0.006696428571428603,0,1,False,50~60%
2026-08-28,002450,삼익악기보통주,1143.0,0.518389844999385,상승,486,Logistic Regression,0.5800171547236399,2026-09-03T22:52:25+09:00,0.016622922134733153,1,1,True,50~60%
2026-08-28,293480,하나제약보통주,8400.0,0.5183856039561215,상승,487,Logistic Regression,0.5800171547236399,2026-09-03T22:52:25+09:00,0.015476190476190421,1,1,True,50~60%
2026-08-28,016880,웅진보통주,2125.0,0.5183416444875015,상승,488,Logistic Regression,0.5800171547236399,2026-09-03T22:52:25+09:00,-0.014117647058823568,0,1,False,50~60%
2026-08-28,011785,금호석유화학1우선주,51200.0,0.5183344336349501,상승,489,Logistic Regression,0.5800171547236399,2026-09-03T22:52:25+09:00,0.005859375,1,1,True,50~60%
2026-08-28,047050,포스코인터내셔널보통주,52700.0,0.5183094910727079,상승,490,Logistic Regression,0.5800171547236399,2026-09-03T22:52:25+09:00,0.04933586337760909,1,1,True,50~60%
2026-08-28,004545,깨끗한나라1우선주,4460.0,0.5182972658761024,상승,491,Logistic Regression,0.5800171547236399,2026-09-03T22:52:25+09:00,0.01905829596412567,1,1,True,50~60%
2026-08-28,022100,포스코DX보통주,21400.0,0.5182953161411054,상승,492,Logistic Regression,0.5800171547236399,2026-09-03T22:52:25+09:00,0.014018691588784993,1,1,True,50~60%
2026-08-28,017180,명문제약 보통주,1208.0,0.5182902990455861,상승,493,Logistic Regression,0.5800171547236399,2026-09-03T22:52:25+09:00,0.064569536423841,1,1,True,50~60%
2026-08-28,035000,HS애드보통주,6410.0,0.5182818402205993,상승,494,Logistic Regression,0.5800171547236399,2026-09-03T22:52:25+09:00,0.01716068642745716,1,1,True,50~60%
2026-08-28,000760,이화산업보통주,14130.0,0.5182708807066779,상승,495,Logistic Regression,0.5800171547236399,2026-09-03T22:52:25+09:00,-0.01698513800424628,0,1,False,50~60%
2026-08-28,000480,시알홀딩스보통주,4570.0,0.5182703713658353,상승,496,Logistic Regression,0.5800171547236399,2026-09-03T22:52:25+09:00,-0.002188183807439792,0,1,False,50~60%
2026-08-28,023800,인지컨트롤스보통주,5450.0,0.5182656317248648,상승,497,Logistic Regression,0.5800171547236399,2026-09-03T22:52:25+09:00,0.0018348623853210455,1,1,True,50~60%
2026-08-28,010960,삼호개발 보통주,3135.0,0.5182566106415303,상승,498,Logistic Regression,0.5800171547236399,2026-09-03T22:52:25+09:00,-0.014354066985645897,0,1,False,50~60%
2026-08-28,377740,바이오노트보통주,4800.0,0.5182533808341292,상승,499,Logistic Regression,0.5800171547236399,2026-09-03T22:52:25+09:00,0.0,0,1,False,50~60%
2026-08-28,006260,LS보통주,313000.0,0.5182392965281302,상승,500,Logistic Regression,0.5800171547236399,2026-09-03T22:52:25+09:00,-0.009584664536741228,0,1,False,50~60%
2026-08-28,001080,만호제강보통주,4000.0,0.5182277634487104,상승,501,Logistic Regression,0.5800171547236399,2026-09-03T22:52:25+09:00,0.013749999999999929,1,1,True,50~60%
2026-08-28,007460,에이프로젠보통주,2390.0,0.5182212768072182,상승,502,Logistic Regression,0.5800171547236399,2026-09-03T22:52:25+09:00,-0.09623430962343094,0,1,False,50~60%
2026-08-28,097955,씨제이제일제당 주식회사 1우선주,124300.0,0.518205026360459,상승,503,Logistic Regression,0.5800171547236399,2026-09-03T22:52:25+09:00,-0.007240547063555924,0,1,False,50~60%
2026-08-28,011330,유니켐보통주,4305.0,0.518200619999592,상승,504,Logistic Regression,0.5800171547236399,2026-09-03T22:52:25+09:00,0.029036004645760727,1,1,True,50~60%
2026-08-28,016090,대현보통주,1475.0,0.518186896055239,상승,505,Logistic Regression,0.5800171547236399,2026-09-03T22:52:25+09:00,-0.003389830508474523,0,1,False,50~60%
2026-08-28,003550,LG보통주,116300.0,0.5181866470332955,상승,506,Logistic Regression,0.5800171547236399,2026-09-03T22:52:25+09:00,0.03439380911435941,1,1,True,50~60%
2026-08-28,006060,화승인더스트리보통주,2565.0,0.5181593320053671,상승,507,Logistic Regression,0.5800171547236399,2026-09-03T22:52:25+09:00,-0.015594541910331383,0,1,False,50~60%
2026-08-28,136490,선진보통주,10250.0,0.5181385718752448,상승,508,Logistic Regression,0.5800171547236399,2026-09-03T22:52:25+09:00,0.008780487804878057,1,1,True,50~60%
2026-08-28,006360,GS건설보통주,37150.0,0.5181205664696523,상승,509,Logistic Regression,0.5800171547236399,2026-09-03T22:52:25+09:00,-0.10363391655450871,0,1,False,50~60%
2026-08-28,334890,이지스밸류플러스리츠보통주,3955.0,0.5181072508675472,상승,510,Logistic Regression,0.5800171547236399,2026-09-03T22:52:25+09:00,0.02402022756005051,1,1,True,50~60%
2026-08-28,286940,롯데이노베이트보통주,18650.0,0.5180877774069557,상승,511,Logistic Regression,0.5800171547236399,2026-09-03T22:52:25+09:00,-0.008042895442359255,0,1,False,50~60%
2026-08-28,004440,삼일씨엔에스보통주,5360.0,0.5180714021390201,상승,512,Logistic Regression,0.5800171547236399,2026-09-03T22:52:25+09:00,0.0,0,1,False,50~60%
2026-08-28,001200,유진투자증권보통주,4395.0,0.5180652218756732,상승,513,Logistic Regression,0.5800171547236399,2026-09-03T22:52:25+09:00,0.011376564277588264,1,1,True,50~60%
2026-08-28,014130,한익스프레스보통주,2480.0,0.5180352414718534,상승,514,Logistic Regression,0.5800171547236399,2026-09-03T22:52:25+09:00,-0.006048387096774244,0,1,False,50~60%
2026-08-28,001520,동양보통주,1111.0,0.5180307586386512,상승,515,Logistic Regression,0.5800171547236399,2026-09-03T22:52:25+09:00,-0.016201620162016206,0,1,False,50~60%
2026-08-28,037560,엘지헬로비전보통주,1634.0,0.518012587592892,상승,516,Logistic Regression,0.5800171547236399,2026-09-03T22:52:25+09:00,0.008567931456548328,1,1,True,50~60%
2026-08-28,033270,한국유나이티드제약 보통주,17860.0,0.5180082250596751,상승,517,Logistic Regression,0.5800171547236399,2026-09-03T22:52:25+09:00,0.016797312430011146,1,1,True,50~60%
2026-08-28,001290,상상인증권보통주,1010.0,0.5179593882486275,상승,518,Logistic Regression,0.5800171547236399,2026-09-03T22:52:25+09:00,0.0,0,1,False,50~60%
2026-08-28,011700,한신기계공업보통주,2535.0,0.5179478616400272,상승,519,Logistic Regression,0.5800171547236399,2026-09-03T22:52:25+09:00,-0.05522682445759364,0,1,False,50~60%
2026-08-28,005250,녹십자홀딩스보통주,10140.0,0.5179385581251945,상승,520,Logistic Regression,0.5800171547236399,2026-09-03T22:52:25+09:00,-0.0167652859960552,0,1,False,50~60%
2026-08-28,036570,엔씨보통주,225000.0,0.5179359660346537,상승,521,Logistic Regression,0.5800171547236399,2026-09-03T22:52:25+09:00,-0.004444444444444473,0,1,False,50~60%
2026-08-28,055550,신한금융지주회사보통주,109700.0,0.517935696523036,상승,522,Logistic Regression,0.5800171547236399,2026-09-03T22:52:25+09:00,0.012762078395624377,1,1,True,50~60%
2026-08-28,010780,아이에스동서보통주,16340.0,0.5179141561291389,상승,523,Logistic Regression,0.5800171547236399,2026-09-03T22:52:25+09:00,-0.033659730722154224,0,1,False,50~60%
2026-08-28,004450,삼화왕관보통주,26600.0,0.5177760518741787,상승,524,Logistic Regression,0.5800171547236399,2026-09-03T22:52:25+09:00,0.005639097744360999,1,1,True,50~60%
2026-08-28,302440,에스케이바이오사이언스보통주,38950.0,0.5177418778260363,상승,525,Logistic Regression,0.5800171547236399,2026-09-03T22:52:25+09:00,-0.015404364569961526,0,1,False,50~60%
2026-08-28,003280,흥아해운보통주,1720.0,0.5176984410313958,상승,526,Logistic Regression,0.5800171547236399,2026-09-03T22:52:25+09:00,-0.018023255813953476,0,1,False,50~60%
2026-08-28,005870,휴니드테크놀러지스보통주,4620.0,0.5176927598896122,상승,527,Logistic Regression,0.5800171547236399,2026-09-03T22:52:25+09:00,-0.01406926406926412,0,1,False,50~60%
2026-08-28,028100,동아지질보통주,17700.0,0.5176838154261255,상승,528,Logistic Regression,0.5800171547236399,2026-09-03T22:52:25+09:00,-0.001129943502824804,0,1,False,50~60%
2026-08-28,323410,카카오뱅크보통주,21850.0,0.517682923920996,상승,529,Logistic Regression,0.5800171547236399,2026-09-03T22:52:25+09:00,0.004576659038901587,1,1,True,50~60%
2026-08-28,079980,휴비스보통주,2020.0,0.5176518331534158,상승,530,Logistic Regression,0.5800171547236399,2026-09-03T22:52:25+09:00,-0.007425742574257432,0,1,False,50~60%
2026-08-28,084680,이월드보통주,535.0,0.5176350663923199,상승,531,Logistic Regression,0.5800171547236399,2026-09-03T22:52:25+09:00,0.04299065420560755,1,1,True,50~60%
2026-08-28,001250,지에스글로벌보통주,2700.0,0.5176192069465491,상승,532,Logistic Regression,0.5800171547236399,2026-09-03T22:52:25+09:00,0.0,0,1,False,50~60%
2026-08-28,002920,유성기업보통주,1745.0,0.5176083545360326,상승,533,Logistic Regression,0.5800171547236399,2026-09-03T22:52:25+09:00,0.02865329512893977,1,1,True,50~60%
2026-08-28,155660,DSR보통주,4430.0,0.5175760606260791,상승,534,Logistic Regression,0.5800171547236399,2026-09-03T22:52:25+09:00,0.0011286681715576563,1,1,True,50~60%
2026-08-28,102260,동성케미컬보통주,3750.0,0.5175755321129121,상승,535,Logistic Regression,0.5800171547236399,2026-09-03T22:52:25+09:00,0.006666666666666599,1,1,True,50~60%
2026-08-28,007210,벽산보통주,1471.0,0.5175436947996528,상승,536,Logistic Regression,0.5800171547236399,2026-09-03T22:52:25+09:00,-0.014955812372535737,0,1,False,50~60%
2026-08-28,101140,인바이오젠보통주,5480.0,0.5175289605986215,상승,537,Logistic Regression,0.5800171547236399,2026-09-03T22:52:25+09:00,0.01642335766423364,1,1,True,50~60%
2026-08-28,462870,시프트업보통주,32900.0,0.5174956904485042,상승,538,Logistic Regression,0.5800171547236399,2026-09-03T22:52:25+09:00,0.004559270516717229,1,1,True,50~60%
2026-08-28,005960,동부건설보통주,7630.0,0.5174955087842218,상승,539,Logistic Regression,0.5800171547236399,2026-09-03T22:52:25+09:00,-0.017038007863695914,0,1,False,50~60%
2026-08-28,009770,삼정펄프 보통주,28250.0,0.5174468912143985,상승,540,Logistic Regression,0.5800171547236399,2026-09-03T22:52:25+09:00,-0.017699115044247815,0,1,False,50~60%
2026-08-28,003850,보령보통주,9070.0,0.5173882749961496,상승,541,Logistic Regression,0.5800171547236399,2026-09-03T22:52:25+09:00,-0.0011025358324145973,0,1,False,50~60%
2026-08-28,051910,LG화학보통주,277000.0,0.5173658319842163,상승,542,Logistic Regression,0.5800171547236399,2026-09-03T22:52:25+09:00,0.018050541516245522,1,1,True,50~60%
2026-08-28,004430,송원산업보통주,11570.0,0.5173469050836795,상승,543,Logistic Regression,0.5800171547236399,2026-09-03T22:52:25+09:00,0.006914433880726101,1,1,True,50~60%
2026-08-28,096760,JW홀딩스 보통주,4140.0,0.5173457499090759,상승,544,Logistic Regression,0.5800171547236399,2026-09-03T22:52:25+09:00,0.01570048309178751,1,1,True,50~60%
2026-08-28,448730,삼성FN리츠보통주,5520.0,0.517329557484833,상승,545,Logistic Regression,0.5800171547236399,2026-09-03T22:52:25+09:00,0.0018115942028984477,1,1,True,50~60%
2026-08-28,009140,경인전자보통주,22050.0,0.5173206990731657,상승,546,Logistic Regression,0.5800171547236399,2026-09-03T22:52:25+09:00,0.027210884353741527,1,1,True,50~60%
2026-08-28,000650,천일고속보통주,155800.0,0.517308853977629,상승,547,Logistic Regression,0.5800171547236399,2026-09-03T22:52:25+09:00,-0.03722721437740695,0,1,False,50~60%
2026-08-28,004990,롯데지주보통주,24150.0,0.5173076829402274,상승,548,Logistic Regression,0.5800171547236399,2026-09-03T22:52:25+09:00,0.0041407867494824835,1,1,True,50~60%
2026-08-28,066570,LG전자보통주,201500.0,0.5173061860843703,상승,549,Logistic Regression,0.5800171547236399,2026-09-03T22:52:25+09:00,0.02481389578163773,1,1,True,50~60%
2026-08-28,026960,동서보통주,26150.0,0.5172697123768534,상승,550,Logistic Regression,0.5800171547236399,2026-09-03T22:52:25+09:00,-0.019120458891013437,0,1,False,50~60%
2026-08-28,007660,이수페타시스보통주,112800.0,0.5172545717946186,상승,551,Logistic Regression,0.5800171547236399,2026-09-03T22:52:25+09:00,-0.01507092198581561,0,1,False,50~60%
2026-08-28,001060,JW중외제약보통주,27400.0,0.5172146714244009,상승,552,Logistic Regression,0.5800171547236399,2026-09-03T22:52:25+09:00,0.058394160583941535,1,1,True,50~60%
2026-08-28,010140,삼성중공업보통주,21200.0,0.5172005352411142,상승,553,Logistic Regression,0.5800171547236399,2026-09-03T22:52:25+09:00,-0.009433962264150941,0,1,False,50~60%
2026-08-28,010100,한국무브넥스보통주,3600.0,0.5171534420074424,상승,554,Logistic Regression,0.5800171547236399,2026-09-03T22:52:25+09:00,0.01388888888888884,1,1,True,50~60%
2026-08-28,004700,조광피혁보통주,65200.0,0.5171462112557088,상승,555,Logistic Regression,0.5800171547236399,2026-09-03T22:52:25+09:00,-0.010736196319018454,0,1,False,50~60%
2026-08-28,008355,남선알미늄1우선주,7900.0,0.5171290457359762,상승,556,Logistic Regression,0.5800171547236399,2026-09-03T22:52:25+09:00,-0.025316455696202556,0,1,False,50~60%
2026-08-28,338100,NH프라임리츠보통주,3845.0,0.5171153398183512,상승,557,Logistic Regression,0.5800171547236399,2026-09-03T22:52:25+09:00,0.005201560468140354,1,1,True,50~60%
2026-08-28,053210,케이티스카이라이프,4100.0,0.5170689744448811,상승,558,Logistic Regression,0.5800171547236399,2026-09-03T22:52:25+09:00,0.007317073170731714,1,1,True,50~60%
2026-08-28,001065,JW중외제약1우선주,23250.0,0.5170631781523659,상승,559,Logistic Regression,0.5800171547236399,2026-09-03T22:52:25+09:00,-0.03010752688172047,0,1,False,50~60%
2026-08-28,000545,흥국화재해상보험1우선주,5330.0,0.5170265176707644,상승,560,Logistic Regression,0.5800171547236399,2026-09-03T22:52:25+09:00,0.07879924953095685,1,1,True,50~60%
2026-08-28,006400,삼성SDI보통주,571000.0,0.5169725367056173,상승,561,Logistic Regression,0.5800171547236399,2026-09-03T22:52:25+09:00,-0.003502626970227629,0,1,False,50~60%
2026-08-28,089470,에이치디씨현대이피보통주,3980.0,0.5169343644134118,상승,562,Logistic Regression,0.5800171547236399,2026-09-03T22:52:25+09:00,-0.007537688442211032,0,1,False,50~60%
2026-08-28,004105,태양금속공업1우선주,3150.0,0.5169039097661443,상승,563,Logistic Regression,0.5800171547236399,2026-09-03T22:52:25+09:00,0.02063492063492056,1,1,True,50~60%
2026-08-28,011420,갤럭시아에스엠보통주,1527.0,0.5168954031212705,상승,564,Logistic Regression,0.5800171547236399,2026-09-03T22:52:25+09:00,-0.01113294040602486,0,1,False,50~60%
2026-08-28,021820,세원정공보통주,10080.0,0.5168902853941972,상승,565,Logistic Regression,0.5800171547236399,2026-09-03T22:52:25+09:00,0.001984126984126977,1,1,True,50~60%
2026-08-28,123890,한국자산신탁보통주,2610.0,0.5168685066834593,상승,566,Logistic Regression,0.5800171547236399,2026-09-03T22:52:25+09:00,0.009578544061302763,1,1,True,50~60%
2026-08-28,003610,방림보통주,5460.0,0.5168671101325262,상승,567,Logistic Regression,0.5800171547236399,2026-09-03T22:52:25+09:00,0.0073260073260073,1,1,True,50~60%
2026-08-28,058430,포스코스틸리온보통주,4840.0,0.5168507659822558,상승,568,Logistic Regression,0.5800171547236399,2026-09-03T22:52:25+09:00,-0.01962809917355368,0,1,False,50~60%
2026-08-28,000020,동화약품보통주,5180.0,0.5168471101027755,상승,569,Logistic Regression,0.5800171547236399,2026-09-03T22:52:25+09:00,0.009652509652509744,1,1,True,50~60%
2026-08-28,267250,에이치디현대보통주,218000.0,0.5168279756518612,상승,570,Logistic Regression,0.5800171547236399,2026-09-03T22:52:25+09:00,0.004587155963302836,1,1,True,50~60%
2026-08-28,005420,코스모화학보통주,11280.0,0.5168252164140293,상승,571,Logistic Regression,0.5800171547236399,2026-09-03T22:52:25+09:00,0.00886524822695045,1,1,True,50~60%
2026-08-28,002320,한진보통주,15080.0,0.5168182685678259,상승,572,Logistic Regression,0.5800171547236399,2026-09-03T22:52:25+09:00,0.0053050397877985045,1,1,True,50~60%
2026-08-28,000270,기아보통주,128000.0,0.5168103673167693,상승,573,Logistic Regression,0.5800171547236399,2026-09-03T22:52:25+09:00,0.02499999999999991,1,1,True,50~60%
2026-08-28,108670,엘엑스하우시스보통주,35400.0,0.5168041281430252,상승,574,Logistic Regression,0.5800171547236399,2026-09-03T22:52:25+09:00,-0.012711864406779627,0,1,False,50~60%
2026-08-28,014910,성문전자보통주,2030.0,0.5167993617150263,상승,575,Logistic Regression,0.5800171547236399,2026-09-03T22:52:25+09:00,0.024630541871921263,1,1,True,50~60%
2026-08-28,005320,온타이드보통주,790.0,0.516792756468484,상승,576,Logistic Regression,0.5800171547236399,2026-09-03T22:52:25+09:00,0.31645569620253156,1,1,True,50~60%
2026-08-28,006405,삼성SDI1우선주,223000.0,0.5167729739382352,상승,577,Logistic Regression,0.5800171547236399,2026-09-03T22:52:25+09:00,0.011210762331838486,1,1,True,50~60%
2026-08-28,161390,한국타이어앤테크놀로지보통주,66400.0,0.5167715088089635,상승,578,Logistic Regression,0.5800171547236399,2026-09-03T22:52:25+09:00,0.015060240963855387,1,1,True,50~60%
2026-08-28,001260,남광토건보통주,7810.0,0.5167706432673387,상승,579,Logistic Regression,0.5800171547236399,2026-09-03T22:52:25+09:00,-0.023047375160051176,0,1,False,50~60%
2026-08-28,001790,대한제당보통주,2905.0,0.5167536545156124,상승,580,Logistic Regression,0.5800171547236399,2026-09-03T22:52:25+09:00,0.001721170395869276,1,1,True,50~60%
2026-08-28,241560,두산밥캣보통주,63100.0,0.5167043317474433,상승,581,Logistic Regression,0.5800171547236399,2026-09-03T22:52:25+09:00,-0.015847860538827252,0,1,False,50~60%
2026-08-28,178920,피아이첨단소재보통주,19360.0,0.5167020737638204,상승,582,Logistic Regression,0.5800171547236399,2026-09-03T22:52:25+09:00,0.023760330578512345,1,1,True,50~60%
2026-08-28,003300,한일홀딩스보통주,19160.0,0.5166819387679202,상승,583,Logistic Regression,0.5800171547236399,2026-09-03T22:52:25+09:00,-0.022964509394572064,0,1,False,50~60%
2026-08-28,092790,넥스틸보통주,12730.0,0.5166100840436414,상승,584,Logistic Regression,0.5800171547236399,2026-09-03T22:52:25+09:00,0.003927729772191579,1,1,True,50~60%
2026-08-28,035250,강원랜드보통주,14790.0,0.5165717322873088,상승,585,Logistic Regression,0.5800171547236399,2026-09-03T22:52:25+09:00,-0.0027045300878972833,0,1,False,50~60%
2026-08-28,039570,에이치디씨랩스보통주,7680.0,0.5165551050019773,상승,586,Logistic Regression,0.5800171547236399,2026-09-03T22:52:25+09:00,-0.0013020833333333703,0,1,False,50~60%
2026-08-28,138930,BNK금융지주보통주,15120.0,0.516515791954363,상승,587,Logistic Regression,0.5800171547236399,2026-09-03T22:52:25+09:00,0.019179894179894186,1,1,True,50~60%
2026-08-28,145270,케이탑리츠보통주,785.0,0.5165002851830587,상승,588,Logistic Regression,0.5800171547236399,2026-09-03T22:52:25+09:00,0.01273885350318471,1,1,True,50~60%
2026-08-28,101530,해태제과식품주식회사,5670.0,0.5164189495539626,상승,589,Logistic Regression,0.5800171547236399,2026-09-03T22:52:25+09:00,-0.012345679012345734,0,1,False,50~60%
2026-08-28,005305,롯데칠성음료1우선주,68300.0,0.5164017908519744,상승,590,Logistic Regression,0.5800171547236399,2026-09-03T22:52:25+09:00,-0.010248901903367469,0,1,False,50~60%
2026-08-28,090080,평화산업 주식회사 보통주,972.0,0.5163893799315556,상승,591,Logistic Regression,0.5800171547236399,2026-09-03T22:52:25+09:00,0.012345679012345734,1,1,True,50~60%
2026-08-28,005745,크라운해태홀딩스1우선주,5370.0,0.5163723084477413,상승,592,Logistic Regression,0.5800171547236399,2026-09-03T22:52:25+09:00,-0.003724394785847296,0,1,False,50~60%
2026-08-28,000070,삼양홀딩스보통주,60900.0,0.5163575276652305,상승,593,Logistic Regression,0.5800171547236399,2026-09-03T22:52:25+09:00,0.013136288998357948,1,1,True,50~60%
2026-08-28,248070,솔루엠보통주,13300.0,0.5163566740491903,상승,594,Logistic Regression,0.5800171547236399,2026-09-03T22:52:25+09:00,0.012030075187969835,1,1,True,50~60%
2026-08-28,069260,티케이지휴켐스보통주,16390.0,0.5163503850089424,상승,595,Logistic Regression,0.5800171547236399,2026-09-03T22:52:25+09:00,0.0018303843807199183,1,1,True,50~60%
2026-08-28,006490,프리티보통주,898.0,0.5163452353051551,상승,596,Logistic Regression,0.5800171547236399,2026-09-03T22:52:25+09:00,0.0,0,1,False,50~60%
2026-08-28,006890,태경케미컬보통주,5250.0,0.516331889548749,상승,597,Logistic Regression,0.5800171547236399,2026-09-03T22:52:25+09:00,-0.0019047619047618536,0,1,False,50~60%
2026-08-28,001230,동국홀딩스보통주,2045.0,0.5163236021608921,상승,598,Logistic Regression,0.5800171547236399,2026-09-03T22:52:25+09:00,-0.009779951100244544,0,1,False,50~60%
2026-08-28,013890,지누스보통주,7540.0,0.5162678912384971,상승,599,Logistic Regression,0.5800171547236399,2026-09-03T22:52:25+09:00,0.021220159151193574,1,1,True,50~60%
2026-08-28,064350,현대로템보통주,139100.0,0.5162661517996164,상승,600,Logistic Regression,0.5800171547236399,2026-09-03T22:52:25+09:00,-0.0632638389647735,0,1,False,50~60%
2026-08-28,013520,화승코퍼레이션보통주,2655.0,0.5162546854599418,상승,601,Logistic Regression,0.5800171547236399,2026-09-03T22:52:25+09:00,-0.0018832391713747842,0,1,False,50~60%
2026-08-28,000520,삼일제약보통주,6210.0,0.5162068723666586,상승,602,Logistic Regression,0.5800171547236399,2026-09-03T22:52:25+09:00,-0.0016103059581320522,0,1,False,50~60%
2026-08-28,030000,제일기획보통주,19340.0,0.5161739268133282,상승,603,Logistic Regression,0.5800171547236399,2026-09-03T22:52:25+09:00,-0.008273009307135482,0,1,False,50~60%
2026-08-28,352820,하이브보통주,180000.0,0.5161634856275016,상승,604,Logistic Regression,0.5800171547236399,2026-09-03T22:52:25+09:00,-0.011111111111111072,0,1,False,50~60%
2026-08-28,111110,호전실업보통주,6490.0,0.5161518426089764,상승,605,Logistic Regression,0.5800171547236399,2026-09-03T22:52:25+09:00,-0.006163328197226536,0,1,False,50~60%
2026-08-28,032640,LG유플러스보통주,15020.0,0.5161457696830902,상승,606,Logistic Regression,0.5800171547236399,2026-09-03T22:52:25+09:00,0.013315579227696439,1,1,True,50~60%
2026-08-28,317450,명인제약보통주,46400.0,0.5160711100007727,상승,607,Logistic Regression,0.5800171547236399,2026-09-03T22:52:25+09:00,-0.012931034482758674,0,1,False,50~60%
2026-08-28,181710,NHN보통주,69700.0,0.5160362596288711,상승,608,Logistic Regression,0.5800171547236399,2026-09-03T22:52:25+09:00,0.010043041606886627,1,1,True,50~60%
2026-08-28,002025,코오롱1우선주,13360.0,0.5159258603996498,상승,609,Logistic Regression,0.5800171547236399,2026-09-03T22:52:25+09:00,0.0059880239520957446,1,1,True,50~60%
2026-08-28,007110,일신석재보통주,593.0,0.5159191582071923,상승,610,Logistic Regression,0.5800171547236399,2026-09-03T22:52:25+09:00,0.015177065767284947,1,1,True,50~60%
2026-08-28,017860,DS단석보통주,12100.0,0.5158855465111786,상승,611,Logistic Regression,0.5800171547236399,2026-09-03T22:52:25+09:00,-0.008264462809917328,0,1,False,50~60%
2026-08-28,011790,SKC보통주,91300.0,0.5158603880362894,상승,612,Logistic Regression,0.5800171547236399,2026-09-03T22:52:25+09:00,-0.028477546549835697,0,1,False,50~60%
2026-08-28,244920,에이플러스에셋보통주,13370.0,0.5158495912791096,상승,613,Logistic Regression,0.5800171547236399,2026-09-03T22:52:25+09:00,-0.0007479431563200967,0,1,False,50~60%
2026-08-28,145990,삼양사보통주,45950.0,0.5158258614777953,상승,614,Logistic Regression,0.5800171547236399,2026-09-03T22:52:25+09:00,0.016322089227421177,1,1,True,50~60%
2026-08-28,092780,디와이피보통주,3370.0,0.5157659692464728,상승,615,Logistic Regression,0.5800171547236399,2026-09-03T22:52:25+09:00,-0.03857566765578635,0,1,False,50~60%
2026-08-28,003925,남양유업1우선주,30100.0,0.515739043226851,상승,616,Logistic Regression,0.5800171547236399,2026-09-03T22:52:25+09:00,-0.00830564784053156,0,1,False,50~60%
2026-08-28,104700,한국철강보통주,10120.0,0.5157223070511785,상승,617,Logistic Regression,0.5800171547236399,2026-09-03T22:52:25+09:00,-0.025691699604743046,0,1,False,50~60%
2026-08-28,000810,삼성화재해상보험보통주,687000.0,0.5156785525056028,상승,618,Logistic Regression,0.5800171547236399,2026-09-03T22:52:25+09:00,-0.01455604075691408,0,1,False,50~60%
2026-08-28,002700,신일전자보통주,1008.0,0.5156695583631854,상승,619,Logistic Regression,0.5800171547236399,2026-09-03T22:52:25+09:00,-0.00694444444444442,0,1,False,50~60%
2026-08-28,088260,이리츠코크렙기업구조조정부동산투자회사보통주,3185.0,0.5156671902241912,상승,620,Logistic Regression,0.5800171547236399,2026-09-03T22:52:25+09:00,0.0047095761381474865,1,1,True,50~60%
2026-08-28,093050,LF보통주,23300.0,0.5156650728509092,상승,621,Logistic Regression,0.5800171547236399,2026-09-03T22:52:25+09:00,-0.0042918454935622075,0,1,False,50~60%
2026-08-28,035150,백산보통주,10780.0,0.5156395259799493,상승,622,Logistic Regression,0.5800171547236399,2026-09-03T22:52:25+09:00,0.01576994434137302,1,1,True,50~60%
2026-08-28,000815,삼성화재해상보험1우선주,429000.0,0.5155855598734694,상승,623,Logistic Regression,0.5800171547236399,2026-09-03T22:52:25+09:00,0.018648018648018683,1,1,True,50~60%
2026-08-28,083420,그린케미칼보통주,4940.0,0.5155502098155499,상승,624,Logistic Regression,0.5800171547236399,2026-09-03T22:52:25+09:00,-0.006072874493927127,0,1,False,50~60%
2026-08-28,003960,사조대림보통주,31000.0,0.5155312307650916,상승,625,Logistic Regression,0.5800171547236399,2026-09-03T22:52:25+09:00,-0.001612903225806428,0,1,False,50~60%
2026-08-28,008700,아남전자보통주,1252.0,0.51546783132068,상승,626,Logistic Regression,0.5800171547236399,2026-09-03T22:52:25+09:00,-0.02076677316293929,0,1,False,50~60%
2026-08-28,002350,넥센타이어보통주,6500.0,0.515462785045849,상승,627,Logistic Regression,0.5800171547236399,2026-09-03T22:52:25+09:00,-0.021538461538461506,0,1,False,50~60%
2026-08-28,28513K,SK케미칼1우선주,23900.0,0.5154507268681382,상승,628,Logistic Regression,0.5800171547236399,2026-09-03T22:52:25+09:00,-0.0020920502092049986,0,1,False,50~60%
2026-08-28,005945,엔에이치투자증권1우선주,23250.0,0.5153875127604653,상승,629,Logistic Regression,0.5800171547236399,2026-09-03T22:52:25+09:00,0.01505376344086029,1,1,True,50~60%
2026-08-28,035420,NAVER보통주,220500.0,0.5153635166987592,상승,630,Logistic Regression,0.5800171547236399,2026-09-03T22:52:25+09:00,-0.024943310657596363,0,1,False,50~60%
2026-08-28,009830,한화솔루션보통주,33750.0,0.5152999562687057,상승,631,Logistic Regression,0.5800171547236399,2026-09-03T22:52:25+09:00,-0.01925925925925931,0,1,False,50~60%
2026-08-28,000220,유유제약보통주,3860.0,0.5152825912233482,상승,632,Logistic Regression,0.5800171547236399,2026-09-03T22:52:25+09:00,0.020725388601036343,1,1,True,50~60%
2026-08-28,000150,두산보통주,1238000.0,0.5152784363678827,상승,633,Logistic Regression,0.5800171547236399,2026-09-03T22:52:25+09:00,-0.02584814216478193,0,1,False,50~60%
2026-08-28,000155,두산1우선주,440000.0,0.515227449780534,상승,634,Logistic Regression,0.5800171547236399,2026-09-03T22:52:25+09:00,-0.02840909090909094,0,1,False,50~60%
2026-08-28,060980,HL홀딩스보통주,40500.0,0.5151393346328855,상승,635,Logistic Regression,0.5800171547236399,2026-09-03T22:52:25+09:00,0.0,0,1,False,50~60%
2026-08-28,456040,OCI보통주,82000.0,0.5151274579379657,상승,636,Logistic Regression,0.5800171547236399,2026-09-03T22:52:25+09:00,-0.01585365853658538,0,1,False,50~60%
2026-08-28,024110,중소기업은행보통주,20850.0,0.5150864985068193,상승,637,Logistic Regression,0.5800171547236399,2026-09-03T22:52:25+09:00,0.0023980815347721673,1,1,True,50~60%
2026-08-28,002380,주식회사케이씨씨,473500.0,0.5150520384997378,상승,638,Logistic Regression,0.5800171547236399,2026-09-03T22:52:25+09:00,0.04223864836325242,1,1,True,50~60%
2026-08-28,027410,BGF보통주,3975.0,0.5150465965332842,상승,639,Logistic Regression,0.5800171547236399,2026-09-03T22:52:25+09:00,-0.01132075471698113,0,1,False,50~60%
2026-08-28,001045,CJ1우선주,69600.0,0.5148916076864188,상승,640,Logistic Regression,0.5800171547236399,2026-09-03T22:52:25+09:00,-0.001436781609195359,0,1,False,50~60%
2026-08-28,006200,한국전자홀딩스보통주,1969.0,0.5148890465448059,상승,641,Logistic Regression,0.5800171547236399,2026-09-03T22:52:25+09:00,-0.011173184357541888,0,1,False,50~60%
2026-08-28,120115,코오롱인더스트리1우선주,25400.0,0.5148620479435236,상승,642,Logistic Regression,0.5800171547236399,2026-09-03T22:52:25+09:00,-0.0019685039370078705,0,1,False,50~60%
2026-08-28,002020,코오롱보통주,25950.0,0.5148492962017018,상승,643,Logistic Regression,0.5800171547236399,2026-09-03T22:52:25+09:00,0.015414258188824581,1,1,True,50~60%
2026-08-28,259960,크래프톤보통주,222500.0,0.5148176045749415,상승,644,Logistic Regression,0.5800171547236399,2026-09-03T22:52:25+09:00,0.038202247191011285,1,1,True,50~60%
2026-08-28,019685,대교우선주(신형),598.0,0.5148003166039299,상승,645,Logistic Regression,0.5800171547236399,2026-09-03T22:52:25+09:00,0.0,0,1,False,50~60%
2026-08-28,170900,동아에스티보통주,38250.0,0.5147828020380736,상승,646,Logistic Regression,0.5800171547236399,2026-09-03T22:52:25+09:00,-0.013071895424836555,0,1,False,50~60%
2026-08-28,024890,대원화성보통주,1739.0,0.5147367665897762,상승,647,Logistic Regression,0.5800171547236399,2026-09-03T22:52:25+09:00,0.0011500862564692849,1,1,True,50~60%
2026-08-28,014580,태경비케이보통주,3880.0,0.5146094817467927,상승,648,Logistic Regression,0.5800171547236399,2026-09-03T22:52:25+09:00,0.005154639175257714,1,1,True,50~60%
2026-08-28,071840,롯데하이마트보통주,6420.0,0.5146077142183515,상승,649,Logistic Regression,0.5800171547236399,2026-09-03T22:52:25+09:00,0.0015576323987538387,1,1,True,50~60%
2026-08-28,003490,대한항공보통주,28700.0,0.5145533177837284,상승,650,Logistic Regression,0.5800171547236399,2026-09-03T22:52:25+09:00,0.0017421602787457413,1,1,True,50~60%
2026-08-28,111770,영원무역보통주,74300.0,0.5145450901144436,상승,651,Logistic Regression,0.5800171547236399,2026-09-03T22:52:25+09:00,0.0026917900403768957,1,1,True,50~60%
2026-08-28,039130,하나투어보통주,32900.0,0.5145367027413421,상승,652,Logistic Regression,0.5800171547236399,2026-09-03T22:52:25+09:00,0.00911854103343468,1,1,True,50~60%
2026-08-28,365550,ESR켄달스퀘어리츠보통주,3100.0,0.5144679032988804,상승,653,Logistic Regression,0.5800171547236399,2026-09-03T22:52:25+09:00,0.029032258064516148,1,1,True,50~60%
2026-08-28,128940,한미약품보통주,509000.0,0.5144599797625604,상승,654,Logistic Regression,0.5800171547236399,2026-09-03T22:52:25+09:00,-0.03339882121807469,0,1,False,50~60%
2026-08-28,009070,KCTC 보통주,4125.0,0.5144099784986117,상승,655,Logistic Regression,0.5800171547236399,2026-09-03T22:52:25+09:00,-0.0036363636363636598,0,1,False,50~60%
2026-08-28,003520,영진약품보통주,1155.0,0.5143990725168552,상승,656,Logistic Regression,0.5800171547236399,2026-09-03T22:52:25+09:00,-0.0060606060606061,0,1,False,50~60%
2026-08-28,004960,한신공영보통주,12420.0,0.514397237477284,상승,657,Logistic Regression,0.5800171547236399,2026-09-03T22:52:25+09:00,-0.0499194847020934,0,1,False,50~60%
2026-08-28,002360,SH에너지화학보통주,1557.0,0.5143795695683095,상승,658,Logistic Regression,0.5800171547236399,2026-09-03T22:52:25+09:00,0.05459216441875392,1,1,True,50~60%
2026-08-28,004250,NPC보통주,3000.0,0.5143729893721875,상승,659,Logistic Regression,0.5800171547236399,2026-09-03T22:52:25+09:00,0.010000000000000009,1,1,True,50~60%
2026-08-28,005950,이수화학보통주,12120.0,0.5143250003330817,상승,660,Logistic Regression,0.5800171547236399,2026-09-03T22:52:25+09:00,0.04042904290429039,1,1,True,50~60%
2026-08-28,020560,아시아나항공 보통주,7680.0,0.5142544684594276,상승,661,Logistic Regression,0.5800171547236399,2026-09-03T22:52:25+09:00,0.00390625,1,1,True,50~60%
2026-08-28,097950,씨제이제일제당 주식회사 보통주,189300.0,0.5142201317996612,상승,662,Logistic Regression,0.5800171547236399,2026-09-03T22:52:25+09:00,-0.018489170628631757,0,1,False,50~60%
2026-08-28,033530,에스제이지세종보통주,7040.0,0.5141518693357041,상승,663,Logistic Regression,0.5800171547236399,2026-09-03T22:52:25+09:00,-0.0014204545454545858,0,1,False,50~60%
2026-08-28,000230,일동홀딩스보통주,6660.0,0.5141009616957758,상승,664,Logistic Regression,0.5800171547236399,2026-09-03T22:52:25+09:00,-0.024024024024024038,0,1,False,50~60%
2026-08-28,002720,국제약품보통주,3420.0,0.5140810570884436,상승,665,Logistic Regression,0.5800171547236399,2026-09-03T22:52:25+09:00,0.004385964912280604,1,1,True,50~60%
2026-08-28,062040,산일전기보통주,202500.0,0.514022523648147,상승,666,Logistic Regression,0.5800171547236399,2026-09-03T22:52:25+09:00,-0.034074074074074034,0,1,False,50~60%
2026-08-28,033780,케이티앤지보통주,176300.0,0.5140055192147769,상승,667,Logistic Regression,0.5800171547236399,2026-09-03T22:52:25+09:00,-0.00794100964265454,0,1,False,50~60%
2026-08-28,005720,넥센보통주,6230.0,0.5139849575166364,상승,668,Logistic Regression,0.5800171547236399,2026-09-03T22:52:25+09:00,-0.0032102728731941976,0,1,False,50~60%
2026-08-28,086790,하나금융지주보통주,136000.0,0.5139352457472467,상승,669,Logistic Regression,0.5800171547236399,2026-09-03T22:52:25+09:00,0.010294117647058787,1,1,True,50~60%
2026-08-28,000950,전방보통주,34150.0,0.513878030672564,상승,670,Logistic Regression,0.5800171547236399,2026-09-03T22:52:25+09:00,0.002928257686676483,1,1,True,50~60%
2026-08-28,077500,유니퀘스트 보통주,7210.0,0.5138388343219611,상승,671,Logistic Regression,0.5800171547236399,2026-09-03T22:52:25+09:00,0.06241331484049928,1,1,True,50~60%
2026-08-28,139480,이마트보통주,75100.0,0.5137760207442811,상승,672,Logistic Regression,0.5800171547236399,2026-09-03T22:52:25+09:00,-0.003994673768308976,0,1,False,50~60%
2026-08-28,008770,호텔신라보통주,43000.0,0.5137487161079075,상승,673,Logistic Regression,0.5800171547236399,2026-09-03T22:52:25+09:00,0.041860465116279055,1,1,True,50~60%
2026-08-28,350520,이지스레지던스리츠보통주,3365.0,0.5137154071669324,상승,674,Logistic Regression,0.5800171547236399,2026-09-03T22:52:25+09:00,0.013372956909361022,1,1,True,50~60%
2026-08-28,053690,한미글로벌건축사사무소보통주,23000.0,0.5136951850448789,상승,675,Logistic Regression,0.5800171547236399,2026-09-03T22:52:25+09:00,-0.05652173913043479,0,1,False,50~60%
2026-08-28,005820,원림보통주,15210.0,0.5136902211441629,상승,676,Logistic Regression,0.5800171547236399,2026-09-03T22:52:25+09:00,0.021696252465483346,1,1,True,50~60%
2026-08-28,000140,하이트진로홀딩스보통주,8210.0,0.513667652646089,상승,677,Logistic Regression,0.5800171547236399,2026-09-03T22:52:25+09:00,-0.0024360535931789995,0,1,False,50~60%
2026-08-28,069730,DSR제강보통주,5500.0,0.5135528516208523,상승,678,Logistic Regression,0.5800171547236399,2026-09-03T22:52:25+09:00,0.021818181818181737,1,1,True,50~60%
2026-08-28,035720,카카오보통주,36850.0,0.5135148554928055,상승,679,Logistic Regression,0.5800171547236399,2026-09-03T22:52:25+09:00,-0.009497964721845276,0,1,False,50~60%
2026-08-28,003220,대원제약보통주,7880.0,0.5135140615477504,상승,680,Logistic Regression,0.5800171547236399,2026-09-03T22:52:25+09:00,0.011421319796954377,1,1,True,50~60%
2026-08-28,000670,영풍보통주,41200.0,0.5135054391079567,상승,681,Logistic Regression,0.5800171547236399,2026-09-03T22:52:25+09:00,-0.020631067961165095,0,1,False,50~60%
2026-08-28,084670,동양고속보통주,25350.0,0.5134852003707207,상승,682,Logistic Regression,0.5800171547236399,2026-09-03T22:52:25+09:00,-0.021696252465483234,0,1,False,50~60%
2026-08-28,234080,JW생명과학보통주,11310.0,0.513444071233169,상승,683,Logistic Regression,0.5800171547236399,2026-09-03T22:52:25+09:00,0.007073386383731117,1,1,True,50~60%
2026-08-28,007120,미래아이앤지보통주,1202.0,0.5134021815588554,상승,684,Logistic Regression,0.5800171547236399,2026-09-03T22:52:25+09:00,0.0016638935108153063,1,1,True,50~60%
2026-08-28,0120G0,삼양바이오팜보통주,54800.0,0.5134015254407902,상승,685,Logistic Regression,0.5800171547236399,2026-09-03T22:52:25+09:00,-0.02372262773722633,0,1,False,50~60%
2026-08-28,008970,케이비아이동양철관보통주,1098.0,0.5133870805019204,상승,686,Logistic Regression,0.5800171547236399,2026-09-03T22:52:25+09:00,-0.01821493624772308,0,1,False,50~60%
2026-08-28,007160,사조산업보통주,52500.0,0.513329795250112,상승,687,Logistic Regression,0.5800171547236399,2026-09-03T22:52:25+09:00,-0.015238095238095273,0,1,False,50~60%
2026-08-28,003200,일신방직보통주,10950.0,0.5133181127384191,상승,688,Logistic Regression,0.5800171547236399,2026-09-03T22:52:25+09:00,-0.010045662100456654,0,1,False,50~60%
2026-08-28,003670,포스코퓨처엠보통주,186300.0,0.5132500739705591,상승,689,Logistic Regression,0.5800171547236399,2026-09-03T22:52:25+09:00,0.026838432635533982,1,1,True,50~60%
2026-08-28,081660,미스토홀딩스보통주,41350.0,0.5132336111546206,상승,690,Logistic Regression,0.5800171547236399,2026-09-03T22:52:25+09:00,0.0096735187424426,1,1,True,50~60%
2026-08-28,185750,종근당보통주,68500.0,0.5132052161158777,상승,691,Logistic Regression,0.5800171547236399,2026-09-03T22:52:25+09:00,0.004379562043795637,1,1,True,50~60%
2026-08-28,000860,강남제비스코보통주,12590.0,0.513201145558919,상승,692,Logistic Regression,0.5800171547236399,2026-09-03T22:52:25+09:00,0.000794281175536149,1,1,True,50~60%
2026-08-28,003780,진양산업보통주,3905.0,0.5131839101170979,상승,693,Logistic Regression,0.5800171547236399,2026-09-03T22:52:25+09:00,0.00256081946222797,1,1,True,50~60%
2026-08-28,004980,성신양회보통주,8640.0,0.5131571738233777,상승,694,Logistic Regression,0.5800171547236399,2026-09-03T22:52:25+09:00,-0.01157407407407407,0,1,False,50~60%
2026-08-28,011780,금호석유화학보통주,125900.0,0.5131256984547393,상승,695,Logistic Regression,0.5800171547236399,2026-09-03T22:52:25+09:00,0.03335980937251781,1,1,True,50~60%
2026-08-28,000227,유유제약2우선주(신형),7480.0,0.5131186302583697,상승,696,Logistic Regression,0.5800171547236399,2026-09-03T22:52:25+09:00,0.018716577540107027,1,1,True,50~60%
2026-08-28,000120,씨제이대한통운보통주,74700.0,0.5131155879081913,상승,697,Logistic Regression,0.5800171547236399,2026-09-03T22:52:25+09:00,-0.016064257028112428,0,1,False,50~60%
2026-08-28,009240,한샘보통주,39700.0,0.5130634783958351,상승,698,Logistic Regression,0.5800171547236399,2026-09-03T22:52:25+09:00,-0.032745591939546626,0,1,False,50~60%
2026-08-28,002840,미원상사보통주,138800.0,0.5130256788188332,상승,699,Logistic Regression,0.5800171547236399,2026-09-03T22:52:25+09:00,-0.0057636887608069065,0,1,False,50~60%
2026-08-28,000540,흥국화재해상보험보통주,3555.0,0.5129972150256905,상승,700,Logistic Regression,0.5800171547236399,2026-09-03T22:52:25+09:00,0.039381153305203975,1,1,True,50~60%
2026-08-28,064400,엘지씨엔에스보통주,75800.0,0.5129162973728885,상승,701,Logistic Regression,0.5800171547236399,2026-09-03T22:52:25+09:00,0.0,0,1,False,50~60%
2026-08-28,214320,이노션보통주,19010.0,0.512901052193368,상승,702,Logistic Regression,0.5800171547236399,2026-09-03T22:52:25+09:00,0.0010520778537612685,1,1,True,50~60%
2026-08-28,128820,대성산업보통주,4225.0,0.5127916760645436,상승,703,Logistic Regression,0.5800171547236399,2026-09-03T22:52:25+09:00,-0.02485207100591713,0,1,False,50~60%
2026-08-28,002310,아세아제지보통주,8560.0,0.5127817925733854,상승,704,Logistic Regression,0.5800171547236399,2026-09-03T22:52:25+09:00,0.005841121495327117,1,1,True,50~60%
2026-08-28,011280,태림포장보통주,1675.0,0.51276877958414,상승,705,Logistic Regression,0.5800171547236399,2026-09-03T22:52:25+09:00,-0.014925373134328401,0,1,False,50~60%
2026-08-28,003680,한성기업보통주,4935.0,0.51276525789128,상승,706,Logistic Regression,0.5800171547236399,2026-09-03T22:52:25+09:00,-0.003039513677811523,0,1,False,50~60%
2026-08-28,194370,제이에스코퍼레이션보통주,13690.0,0.5127515977725663,상승,707,Logistic Regression,0.5800171547236399,2026-09-03T22:52:25+09:00,-0.0036523009495982306,0,1,False,50~60%
2026-08-28,105840,우진보통주,14060.0,0.5126281736197215,상승,708,Logistic Regression,0.5800171547236399,2026-09-03T22:52:25+09:00,-0.07681365576102417,0,1,False,50~60%
2026-08-28,002220,한일철강보통주,2930.0,0.5125976736273562,상승,709,Logistic Regression,0.5800171547236399,2026-09-03T22:52:25+09:00,0.030716723549488067,1,1,True,50~60%
2026-08-28,000325,노루홀딩스1우선주,27650.0,0.5125581016054818,상승,710,Logistic Regression,0.5800171547236399,2026-09-03T22:52:25+09:00,0.005424954792043302,1,1,True,50~60%
2026-08-28,000890,보해양조보통주,1316.0,0.5125050589195662,상승,711,Logistic Regression,0.5800171547236399,2026-09-03T22:52:25+09:00,0.0037993920972645423,1,1,True,50~60%
2026-08-28,005360,모나미보통주,1368.0,0.5124849947605603,상승,712,Logistic Regression,0.5800171547236399,2026-09-03T22:52:25+09:00,-0.002192982456140302,0,1,False,50~60%
2026-08-28,000240,한국앤컴퍼니보통주,24750.0,0.5124780445743543,상승,713,Logistic Regression,0.5800171547236399,2026-09-03T22:52:25+09:00,-0.0060606060606061,0,1,False,50~60%
2026-08-28,023590,다우기술보통주,39450.0,0.5124727582534623,상승,714,Logistic Regression,0.5800171547236399,2026-09-03T22:52:25+09:00,0.0,0,1,False,50~60%
2026-08-28,017810,풀무원보통주,9800.0,0.5123904798723127,상승,715,Logistic Regression,0.5800171547236399,2026-09-03T22:52:25+09:00,0.011224489795918391,1,1,True,50~60%
2026-08-28,006120,에스케이디스커버리보통주,50300.0,0.5123157289847738,상승,716,Logistic Regression,0.5800171547236399,2026-09-03T22:52:25+09:00,0.05168986083499005,1,1,True,50~60%
2026-08-28,032830,삼성생명보험보통주,310000.0,0.5123111678352302,상승,717,Logistic Regression,0.5800171547236399,2026-09-03T22:52:25+09:00,-0.001612903225806428,0,1,False,50~60%
2026-08-28,003240,태광산업보통주,918000.0,0.5122632772986233,상승,718,Logistic Regression,0.5800171547236399,2026-09-03T22:52:25+09:00,0.03812636165577343,1,1,True,50~60%
2026-08-28,028670,팬오션보통주,5790.0,0.5121944669404284,상승,719,Logistic Regression,0.5800171547236399,2026-09-03T22:52:25+09:00,-0.032815198618307395,0,1,False,50~60%
2026-08-28,001550,조비보통주,11120.0,0.5121589258995211,상승,720,Logistic Regression,0.5800171547236399,2026-09-03T22:52:25+09:00,-0.0008992805755395628,0,1,False,50~60%
2026-08-28,021240,코웨이보통주,100400.0,0.5121505643733235,상승,721,Logistic Regression,0.5800171547236399,2026-09-03T22:52:25+09:00,-0.02589641434262946,0,1,False,50~60%
2026-08-28,451800,한화리츠보통주,5420.0,0.5120950075782228,상승,722,Logistic Regression,0.5800171547236399,2026-09-03T22:52:25+09:00,-0.02583025830258301,0,1,False,50~60%
2026-08-28,051915,LG화학1우선주,125100.0,0.5120740729144556,상승,723,Logistic Regression,0.5800171547236399,2026-09-03T22:52:25+09:00,0.04796163069544357,1,1,True,50~60%
2026-08-28,005880,대한해운보통주,2160.0,0.5119864021067693,상승,724,Logistic Regression,0.5800171547236399,2026-09-03T22:52:25+09:00,-0.04629629629629628,0,1,False,50~60%
2026-08-28,005300,롯데칠성음료보통주,99600.0,0.5119728507068073,상승,725,Logistic Regression,0.5800171547236399,2026-09-03T22:52:25+09:00,-0.005020080321285092,0,1,False,50~60%
2026-08-28,092230,KPX홀딩스보통주,104300.0,0.5119624871665368,상승,726,Logistic Regression,0.5800171547236399,2026-09-03T22:52:25+09:00,-0.02205177372962608,0,1,False,50~60%
2026-08-28,029780,삼성카드 보통주,47300.0,0.5119540893016847,상승,727,Logistic Regression,0.5800171547236399,2026-09-03T22:52:25+09:00,-0.026427061310782207,0,1,False,50~60%
2026-08-28,092220,케이이씨 보통주,2700.0,0.5119281645609239,상승,728,Logistic Regression,0.5800171547236399,2026-09-03T22:52:25+09:00,0.04814814814814805,1,1,True,50~60%
2026-08-28,004800,효성보통주,171600.0,0.5118787563818668,상승,729,Logistic Regression,0.5800171547236399,2026-09-03T22:52:25+09:00,0.005244755244755206,1,1,True,50~60%
2026-08-28,006040,동원산업보통주,38650.0,0.5118748416830462,상승,730,Logistic Regression,0.5800171547236399,2026-09-03T22:52:25+09:00,-0.018111254851228997,0,1,False,50~60%
2026-08-28,000100,유한양행보통주,84900.0,0.5118714911444135,상승,731,Logistic Regression,0.5800171547236399,2026-09-03T22:52:25+09:00,-0.025912838633686652,0,1,False,50~60%
2026-08-28,025620,차AI헬스케어보통주,5040.0,0.5118625513611268,상승,732,Logistic Regression,0.5800171547236399,2026-09-03T22:52:25+09:00,-0.003968253968253954,0,1,False,50~60%
2026-08-28,248170,샘표식품보통주,23450.0,0.5118212027537223,상승,733,Logistic Regression,0.5800171547236399,2026-09-03T22:52:25+09:00,0.002132196162046851,1,1,True,50~60%
2026-08-28,271940,일진하이솔루스보통주,11100.0,0.5117788765009444,상승,734,Logistic Regression,0.5800171547236399,2026-09-03T22:52:25+09:00,-0.02522522522522519,0,1,False,50~60%
2026-08-28,004000,롯데정밀화학보통주,48350.0,0.5117779673718923,상승,735,Logistic Regression,0.5800171547236399,2026-09-03T22:52:25+09:00,-0.013443640124095158,0,1,False,50~60%
2026-08-28,004310,현대약품보통주,6160.0,0.5117153956417297,상승,736,Logistic Regression,0.5800171547236399,2026-09-03T22:52:25+09:00,0.34577922077922074,1,1,True,50~60%
2026-08-28,268280,미원스페셜티케미칼보통주,134000.0,0.5116527513850131,상승,737,Logistic Regression,0.5800171547236399,2026-09-03T22:52:25+09:00,-0.007462686567164201,0,1,False,50~60%
2026-08-28,483650,달바글로벌보통주,229000.0,0.5116500288433308,상승,738,Logistic Regression,0.5800171547236399,2026-09-03T22:52:25+09:00,-0.09388646288209612,0,1,False,50~60%
2026-08-28,005830,DB손해보험보통주,187400.0,0.5116436963265086,상승,739,Logistic Regression,0.5800171547236399,2026-09-03T22:52:25+09:00,0.0277481323372466,1,1,True,50~60%
2026-08-28,005090,SGC에너지보통주,62800.0,0.5115852812926903,상승,740,Logistic Regression,0.5800171547236399,2026-09-03T22:52:25+09:00,-0.1719745222929936,0,1,False,50~60%
2026-08-28,009970,영원무역홀딩스보통주,171500.0,0.5114387822529693,상승,741,Logistic Regression,0.5800171547236399,2026-09-03T22:52:25+09:00,-0.026239067055393583,0,1,False,50~60%
2026-08-28,139130,아이엠금융지주보통주,18120.0,0.5112931020302182,상승,742,Logistic Regression,0.5800171547236399,2026-09-03T22:52:25+09:00,0.04635761589403975,1,1,True,50~60%
2026-08-28,002240,고려제강보통주,17550.0,0.5111886876065688,상승,743,Logistic Regression,0.5800171547236399,2026-09-03T22:52:25+09:00,0.0039886039886039,1,1,True,50~60%
2026-08-28,396690,미래에셋글로벌리츠보통주,1538.0,0.5111472542073502,상승,744,Logistic Regression,0.5800171547236399,2026-09-03T22:52:25+09:00,-0.01040312093628093,0,1,False,50~60%
2026-08-28,006280,녹십자보통주,130500.0,0.5110834705378473,상승,745,Logistic Regression,0.5800171547236399,2026-09-03T22:52:25+09:00,-0.01839080459770115,0,1,False,50~60%
2026-08-28,462520,조선내화보통주,13240.0,0.5110758751420827,상승,746,Logistic Regression,0.5800171547236399,2026-09-03T22:52:25+09:00,-0.0007552870090634656,0,1,False,50~60%
2026-08-28,016740,두올보통주,3550.0,0.5110605184708463,상승,747,Logistic Regression,0.5800171547236399,2026-09-03T22:52:25+09:00,0.04366197183098586,1,1,True,50~60%
2026-08-28,004415,서울식품공업1우선주,5470.0,0.510996618866202,상승,748,Logistic Regression,0.5800171547236399,2026-09-03T22:52:25+09:00,-0.021937842778793404,0,1,False,50~60%
2026-08-28,105560,KB금융지주 보통주,171600.0,0.5109572242344067,상승,749,Logistic Regression,0.5800171547236399,2026-09-03T22:52:25+09:00,-0.002331002331002363,0,1,False,50~60%
2026-08-28,005610,삼립보통주,40950.0,0.5108938468584762,상승,750,Logistic Regression,0.5800171547236399,2026-09-03T22:52:25+09:00,0.012210012210012167,1,1,True,50~60%
2026-08-28,004540,깨끗한나라보통주,1181.0,0.5108815520142257,상승,751,Logistic Regression,0.5800171547236399,2026-09-03T22:52:25+09:00,0.04911092294665531,1,1,True,50~60%
2026-08-28,030190,나이스평가정보보통주,16010.0,0.5108672327773088,상승,752,Logistic Regression,0.5800171547236399,2026-09-03T22:52:25+09:00,0.004372267332916957,1,1,True,50~60%
2026-08-28,001390,KG케미칼보통주,4505.0,0.5107696103985808,상승,753,Logistic Regression,0.5800171547236399,2026-09-03T22:52:25+09:00,-0.0033296337402886067,0,1,False,50~60%
2026-08-28,900140,엘브이엠씨홀딩스보통주,1265.0,0.5106070999154427,상승,754,Logistic Regression,0.5800171547236399,2026-09-03T22:52:25+09:00,-0.02687747035573118,0,1,False,50~60%
2026-08-28,037270,와이지플러스보통주,3270.0,0.5105816206510196,상승,755,Logistic Regression,0.5800171547236399,2026-09-03T22:52:25+09:00,-0.016819571865443472,0,1,False,50~60%
2026-08-28,950210,프레스티지바이오파마KDR,6430.0,0.5105397421620965,상승,756,Logistic Regression,0.5800171547236399,2026-09-03T22:52:25+09:00,0.013996889580093264,1,1,True,50~60%
2026-08-28,089590,제주항공보통주,4555.0,0.510518538571105,상승,757,Logistic Regression,0.5800171547236399,2026-09-03T22:52:25+09:00,-0.015367727771679496,0,1,False,50~60%
2026-08-28,00104K,CJ4우선주(전환),126500.0,0.5104406153328243,상승,758,Logistic Regression,0.5800171547236399,2026-09-03T22:52:25+09:00,0.026877470355731292,1,1,True,50~60%
2026-08-28,316140,우리금융지주보통주,33900.0,0.5100790945552114,상승,759,Logistic Regression,0.5800171547236399,2026-09-03T22:52:25+09:00,0.019174041297935096,1,1,True,50~60%
2026-08-28,499790,지에스피앤엘보통주,43250.0,0.5100108242703036,상승,760,Logistic Regression,0.5800171547236399,2026-09-03T22:52:25+09:00,0.04739884393063587,1,1,True,50~60%
2026-08-28,003090,대웅보통주,17990.0,0.5099705775268681,상승,761,Logistic Regression,0.5800171547236399,2026-09-03T22:52:25+09:00,-0.011117287381878782,0,1,False,50~60%
2026-08-28,271560,오리온보통주,129500.0,0.5099185768168003,상승,762,Logistic Regression,0.5800171547236399,2026-09-03T22:52:25+09:00,0.001544401544401497,1,1,True,50~60%
2026-08-28,138040,메리츠금융지주회사보통주,122000.0,0.5098669217469333,상승,763,Logistic Regression,0.5800171547236399,2026-09-03T22:52:25+09:00,0.02786885245901649,1,1,True,50~60%
2026-08-28,36328K,티와이홀딩스1우선주,2590.0,0.5097628382611218,상승,764,Logistic Regression,0.5800171547236399,2026-09-03T22:52:25+09:00,0.021235521235521304,1,1,True,50~60%
2026-08-28,032350,롯데관광개발 보통주,13250.0,0.5097390016623071,상승,765,Logistic Regression,0.5800171547236399,2026-09-03T22:52:25+09:00,-0.00452830188679243,0,1,False,50~60%
2026-08-28,009155,삼성전기1우선주,507000.0,0.509682494793604,상승,766,Logistic Regression,0.5800171547236399,2026-09-03T22:52:25+09:00,0.0335305719921104,1,1,True,50~60%
2026-08-28,034020,두산에너빌리티보통주,88200.0,0.5096229746215389,상승,767,Logistic Regression,0.5800171547236399,2026-09-03T22:52:25+09:00,-0.07709750566893425,0,1,False,50~60%
2026-08-28,000225,유유제약1우선주,3695.0,0.5096149330573142,상승,768,Logistic Regression,0.5800171547236399,2026-09-03T22:52:25+09:00,0.017591339648173276,1,1,True,50~60%
2026-08-28,011070,LG이노텍보통주,611000.0,0.5096108581813035,상승,769,Logistic Regression,0.5800171547236399,2026-09-03T22:52:25+09:00,-0.03436988543371522,0,1,False,50~60%
2026-08-28,145720,덴티움보통주,38200.0,0.509502687825122,상승,770,Logistic Regression,0.5800171547236399,2026-09-03T22:52:25+09:00,-0.022251308900523514,0,1,False,50~60%
2026-08-28,241590,화승엔터프라이즈보통주,3035.0,0.5093233071651446,상승,771,Logistic Regression,0.5800171547236399,2026-09-03T22:52:25+09:00,-0.01317957166392092,0,1,False,50~60%
2026-08-28,018260,삼성에스디에스보통주,243000.0,0.5093140200510985,상승,772,Logistic Regression,0.5800171547236399,2026-09-03T22:52:25+09:00,0.008230452674897082,1,1,True,50~60%
2026-08-28,009150,삼성전기보통주,1421000.0,0.5092997677973796,상승,773,Logistic Regression,0.5800171547236399,2026-09-03T22:52:25+09:00,0.006333567909922566,1,1,True,50~60%
2026-08-28,025000,KPX케미칼보통주,55800.0,0.5092314449897432,상승,774,Logistic Regression,0.5800171547236399,2026-09-03T22:52:25+09:00,-0.012544802867383464,0,1,False,50~60%
2026-08-28,011390,부산산업보통주,49700.0,0.5091320051716199,상승,775,Logistic Regression,0.5800171547236399,2026-09-03T22:52:25+09:00,0.02012072434607637,1,1,True,50~60%
2026-08-28,484870,엠앤씨솔루션보통주,15110.0,0.5088742009290795,상승,776,Logistic Regression,0.5800171547236399,2026-09-03T22:52:25+09:00,0.21773659827928515,1,1,True,50~60%
2026-08-28,249420,일동제약보통주,14840.0,0.5088156555714344,상승,777,Logistic Regression,0.5800171547236399,2026-09-03T22:52:25+09:00,-0.022911051212938016,0,1,False,50~60%
2026-08-28,005690,파미셀보통주,11220.0,0.5087459790912615,상승,778,Logistic Regression,0.5800171547236399,2026-09-03T22:52:25+09:00,-0.025846702317290582,0,1,False,50~60%
2026-08-28,034230,파라다이스보통주,10030.0,0.5087041506443308,상승,779,Logistic Regression,0.5800171547236399,2026-09-03T22:52:25+09:00,0.017946161515453696,1,1,True,50~60%
2026-08-28,009160,SIMPAC보통주,5320.0,0.5086631024000453,상승,780,Logistic Regression,0.5800171547236399,2026-09-03T22:52:25+09:00,-0.03759398496240607,0,1,False,50~60%
2026-08-28,031430,신세계인터내셔날보통주,10710.0,0.5085865094232207,상승,781,Logistic Regression,0.5800171547236399,2026-09-03T22:52:25+09:00,0.013071895424836555,1,1,True,50~60%
2026-08-28,020000,한섬보통주,16000.0,0.5085244386545549,상승,782,Logistic Regression,0.5800171547236399,2026-09-03T22:52:25+09:00,-0.006249999999999978,0,1,False,50~60%
2026-08-28,030720,동원수산보통주,5420.0,0.5084530708833144,상승,783,Logistic Regression,0.5800171547236399,2026-09-03T22:52:25+09:00,0.016605166051660625,1,1,True,50~60%
2026-08-28,480370,씨케이솔루션보통주,1438.0,0.5083401252589155,상승,784,Logistic Regression,0.5800171547236399,2026-09-03T22:52:25+09:00,-0.0020862308762169546,0,1,False,50~60%
2026-08-28,336260,두산퓨얼셀보통주,45400.0,0.5083337534734811,상승,785,Logistic Regression,0.5800171547236399,2026-09-03T22:52:25+09:00,-0.02312775330396477,0,1,False,50~60%
2026-08-28,018250,애경산업보통주,11910.0,0.5083252714008538,상승,786,Logistic Regression,0.5800171547236399,2026-09-03T22:52:25+09:00,0.012594458438287104,1,1,True,50~60%
2026-08-28,453340,현대그린푸드보통주,18870.0,0.5082898979259052,상승,787,Logistic Regression,0.5800171547236399,2026-09-03T22:52:25+09:00,0.0015898251192367763,1,1,True,50~60%
2026-08-28,317400,자이에스앤디보통주,11250.0,0.508159022237496,상승,788,Logistic Regression,0.5800171547236399,2026-09-03T22:52:25+09:00,-0.03733333333333333,0,1,False,50~60%
2026-08-28,001040,CJ보통주,130500.0,0.5080935732800088,상승,789,Logistic Regression,0.5800171547236399,2026-09-03T22:52:25+09:00,0.023754789272030674,1,1,True,50~60%
2026-08-28,298040,효성중공업보통주,3153000.0,0.5080560677735395,상승,790,Logistic Regression,0.5800171547236399,2026-09-03T22:52:25+09:00,-0.07516650808753567,0,1,False,50~60%
2026-08-28,009290,광동제약보통주,6550.0,0.5080270334917358,상승,791,Logistic Regression,0.5800171547236399,2026-09-03T22:52:25+09:00,-0.018320610687022953,0,1,False,50~60%
2026-08-28,003920,남양유업보통주,44150.0,0.5079457947805579,상승,792,Logistic Regression,0.5800171547236399,2026-09-03T22:52:25+09:00,0.011325028312570762,1,1,True,50~60%
2026-08-28,180640,한진칼보통주,131300.0,0.5079206045809871,상승,793,Logistic Regression,0.5800171547236399,2026-09-03T22:52:25+09:00,-0.011424219345011477,0,1,False,50~60%
2026-08-28,007700,F&F홀딩스,14490.0,0.5079160382701734,상승,794,Logistic Regression,0.5800171547236399,2026-09-03T22:52:25+09:00,-0.0020703933747412417,0,1,False,50~60%
2026-08-28,069620,대웅제약보통주,128800.0,0.5077070471016764,상승,795,Logistic Regression,0.5800171547236399,2026-09-03T22:52:25+09:00,-0.01552795031055898,0,1,False,50~60%
2026-08-28,002140,고려산업보통주,2190.0,0.5076165133933458,상승,796,Logistic Regression,0.5800171547236399,2026-09-03T22:52:25+09:00,-0.020547945205479423,0,1,False,50~60%
2026-08-28,002795,아모레퍼시픽홀딩스1우선주,11300.0,0.5075461987289074,상승,797,Logistic Regression,0.5800171547236399,2026-09-03T22:52:25+09:00,-0.006194690265486691,0,1,False,50~60%
2026-08-28,001067,JW중외제약2우선주(신형),47900.0,0.5075005206985849,상승,798,Logistic Regression,0.5800171547236399,2026-09-03T22:52:25+09:00,0.018789144050104456,1,1,True,50~60%
2026-08-28,016590,신대양제지보통주,10400.0,0.5074375378395238,상승,799,Logistic Regression,0.5800171547236399,2026-09-03T22:52:25+09:00,0.014423076923076872,1,1,True,50~60%
2026-08-28,009410,태영건설보통주,1693.0,0.5072774193599366,상승,800,Logistic Regression,0.5800171547236399,2026-09-03T22:52:25+09:00,-0.012994683992912037,0,1,False,50~60%
2026-08-28,008490,서흥보통주,22900.0,0.5072260797314452,상승,801,Logistic Regression,0.5800171547236399,2026-09-03T22:52:25+09:00,-0.026200873362445365,0,1,False,50~60%
2026-08-28,007690,국도화학보통주,39150.0,0.5071624746887544,상승,802,Logistic Regression,0.5800171547236399,2026-09-03T22:52:25+09:00,0.020434227330779153,1,1,True,50~60%
2026-08-28,381970,케이카보통주,6410.0,0.5069916505562455,상승,803,Logistic Regression,0.5800171547236399,2026-09-03T22:52:25+09:00,0.0031201248049921304,1,1,True,50~60%
2026-08-28,300720,한일시멘트보통주,16950.0,0.5069702705922136,상승,804,Logistic Regression,0.5800171547236399,2026-09-03T22:52:25+09:00,0.0070796460176991705,1,1,True,50~60%
2026-08-28,079160,씨제이씨지브이 보통주,5540.0,0.5069222481663985,상승,805,Logistic Regression,0.5800171547236399,2026-09-03T22:52:25+09:00,0.0,0,1,False,50~60%
2026-08-28,000080,하이트진로보통주,15720.0,0.5066388966513374,상승,806,Logistic Regression,0.5800171547236399,2026-09-03T22:52:25+09:00,-0.007633587786259555,0,1,False,50~60%
2026-08-28,014820,동원시스템즈보통주,22450.0,0.5066000950232022,상승,807,Logistic Regression,0.5800171547236399,2026-09-03T22:52:25+09:00,0.022271714922049046,1,1,True,50~60%
2026-08-28,114090,그랜드코리아레저보통주,9610.0,0.5063803874453343,상승,808,Logistic Regression,0.5800171547236399,2026-09-03T22:52:25+09:00,0.0,0,1,False,50~60%
2026-08-28,251270,넷마블보통주,37450.0,0.5063588667617699,상승,809,Logistic Regression,0.5800171547236399,2026-09-03T22:52:25+09:00,0.03604806408544725,1,1,True,50~60%
2026-08-28,175330,JB금융지주보통주,29050.0,0.5063321080612728,상승,810,Logistic Regression,0.5800171547236399,2026-09-03T22:52:25+09:00,0.0068846815834766595,1,1,True,50~60%
2026-08-28,015590,디케이엠이보통주,1480.0,0.5062837027221558,상승,811,Logistic Regression,0.5800171547236399,2026-09-03T22:52:25+09:00,-0.006756756756756799,0,1,False,50~60%
2026-08-28,073240,금호타이어보통주,7360.0,0.5061284916090171,상승,812,Logistic Regression,0.5800171547236399,2026-09-03T22:52:25+09:00,0.012228260869565188,1,1,True,50~60%
2026-08-28,007070,지에스리테일보통주,26650.0,0.5060512631778787,상승,813,Logistic Regression,0.5800171547236399,2026-09-03T22:52:25+09:00,-0.011257035647279534,0,1,False,50~60%
2026-08-28,007310,오뚜기보통주,339000.0,0.5059959280458766,상승,814,Logistic Regression,0.5800171547236399,2026-09-03T22:52:25+09:00,-0.007374631268436627,0,1,False,50~60%
2026-08-28,014710,사조씨푸드보통주,10600.0,0.5058113747205388,상승,815,Logistic Regression,0.5800171547236399,2026-09-03T22:52:25+09:00,-0.014150943396226467,0,1,False,50~60%
2026-08-28,192080,더블유게임즈보통주,59200.0,0.5057636483382726,상승,816,Logistic Regression,0.5800171547236399,2026-09-03T22:52:25+09:00,-0.011824324324324342,0,1,False,50~60%
2026-08-28,093240,형지엘리트보통주,393.0,0.505751408437727,상승,817,Logistic Regression,0.5800171547236399,2026-09-03T22:52:25+09:00,-0.007633587786259555,0,1,False,50~60%
2026-08-28,014915,성문전자1우선주,4620.0,0.5057338049338789,상승,818,Logistic Regression,0.5800171547236399,2026-09-03T22:52:25+09:00,0.16450216450216448,1,1,True,50~60%
2026-08-28,137310,에스디바이오센서보통주,6300.0,0.5057292758411694,상승,819,Logistic Regression,0.5800171547236399,2026-09-03T22:52:25+09:00,-0.01746031746031751,0,1,False,50~60%
2026-08-28,214330,금호에이치티보통주,6560.0,0.5057187166929366,상승,820,Logistic Regression,0.5800171547236399,2026-09-03T22:52:25+09:00,-0.04573170731707321,0,1,False,50~60%
2026-08-28,000640,동아쏘시오홀딩스보통주,96000.0,0.5053631175725675,상승,821,Logistic Regression,0.5800171547236399,2026-09-03T22:52:25+09:00,-0.029166666666666674,0,1,False,50~60%
2026-08-28,001680,대상보통주,18200.0,0.5052783231943369,상승,822,Logistic Regression,0.5800171547236399,2026-09-03T22:52:25+09:00,0.029670329670329565,1,1,True,50~60%
2026-08-28,033250,체시스보통주,4500.0,0.5046340577383057,상승,823,Logistic Regression,0.5800171547236399,2026-09-03T22:52:25+09:00,0.03777777777777769,1,1,True,50~60%
2026-08-28,001800,오리온홀딩스보통주,26200.0,0.5046225037005418,상승,824,Logistic Regression,0.5800171547236399,2026-09-03T22:52:25+09:00,-0.026717557251908386,0,1,False,50~60%
2026-08-28,084870,TBH글로벌보통주,2380.0,0.5045767833486586,상승,825,Logistic Regression,0.5800171547236399,2026-09-03T22:52:25+09:00,-0.04201680672268904,0,1,False,50~60%
2026-08-28,005180,빙그레보통주,92900.0,0.5045462501470601,상승,826,Logistic Regression,0.5800171547236399,2026-09-03T22:52:25+09:00,-0.015069967707212029,0,1,False,50~60%
2026-08-28,031210,서울보증보험보통주,44450.0,0.5044911852863913,상승,827,Logistic Regression,0.5800171547236399,2026-09-03T22:52:25+09:00,-0.017997750281214864,0,1,False,50~60%
2026-08-28,079900,전진건설로봇보통주,41350.0,0.5044642407419413,상승,828,Logistic Regression,0.5800171547236399,2026-09-03T22:52:25+09:00,-0.0713422007255139,0,1,False,50~60%
2026-08-28,298020,효성티앤씨보통주,346000.0,0.5042515131627825,상승,829,Logistic Regression,0.5800171547236399,2026-09-03T22:52:25+09:00,-0.0028901734104046506,0,1,False,50~60%
2026-08-28,000390,에스피삼화보통주,6700.0,0.5039738536958507,상승,830,Logistic Regression,0.5800171547236399,2026-09-03T22:52:25+09:00,-0.014925373134328401,0,1,False,50~60%
2026-08-28,103140,풍산 보통주,86400.0,0.5039303063042616,상승,831,Logistic Regression,0.5800171547236399,2026-09-03T22:52:25+09:00,-0.06365740740740744,0,1,False,50~60%
2026-08-28,003030,세아제강지주보통주,103400.0,0.5039186269937161,상승,832,Logistic Regression,0.5800171547236399,2026-09-03T22:52:25+09:00,-0.010638297872340385,0,1,False,50~60%
2026-08-28,001820,삼화콘덴서공업보통주,110200.0,0.5038306487780138,상승,833,Logistic Regression,0.5800171547236399,2026-09-03T22:52:25+09:00,0.020871143375680523,1,1,True,50~60%
2026-08-28,000400,롯데손해보험보통주,2140.0,0.5036843691304879,상승,834,Logistic Regression,0.5800171547236399,2026-09-03T22:52:25+09:00,0.007009345794392496,1,1,True,50~60%
2026-08-28,284740,쿠쿠홈시스보통주,24050.0,0.5035095072064497,상승,835,Logistic Regression,0.5800171547236399,2026-09-03T22:52:25+09:00,-0.027027027027026973,0,1,False,50~60%
2026-08-28,214420,토니모리보통주,5750.0,0.5033622013956163,상승,836,Logistic Regression,0.5800171547236399,2026-09-03T22:52:25+09:00,-0.034782608695652195,0,1,False,50~60%
2026-08-28,002030,아세아보통주,214500.0,0.5033097963683563,상승,837,Logistic Regression,0.5800171547236399,2026-09-03T22:52:25+09:00,0.0,0,1,False,50~60%
2026-08-28,024720,콜마홀딩스보통주,10530.0,0.5031433468442122,상승,838,Logistic Regression,0.5800171547236399,2026-09-03T22:52:25+09:00,-0.036087369420702786,0,1,False,50~60%
2026-08-28,298050,에이치에스효성첨단소재보통주,178800.0,0.5029452336271202,상승,839,Logistic Regression,0.5800171547236399,2026-09-03T22:52:25+09:00,-0.011744966442952975,0,1,False,50~60%
2026-08-28,123690,한국화장품보통주,6770.0,0.5028557464629398,상승,840,Logistic Regression,0.5800171547236399,2026-09-03T22:52:25+09:00,-0.033973412112260015,0,1,False,50~60%
2026-08-28,000430,대원강업보통주,4460.0,0.5028342720875723,상승,841,Logistic Regression,0.5800171547236399,2026-09-03T22:52:25+09:00,-0.020179372197309364,0,1,False,50~60%
2026-08-28,017960,한국카본보통주,24950.0,0.5027378845863844,상승,842,Logistic Regression,0.5800171547236399,2026-09-03T22:52:25+09:00,-0.044088176352705455,0,1,False,50~60%
2026-08-28,011170,롯데케미칼보통주,59500.0,0.5027311697978405,상승,843,Logistic Regression,0.5800171547236399,2026-09-03T22:52:25+09:00,0.008403361344537785,1,1,True,50~60%
2026-08-28,096770,SK이노베이션 보통주,116900.0,0.5025326833524664,상승,844,Logistic Regression,0.5800171547236399,2026-09-03T22:52:25+09:00,0.15739948674080417,1,1,True,50~60%
2026-08-28,183190,아세아시멘트보통주,11050.0,0.5022615536813922,상승,845,Logistic Regression,0.5800171547236399,2026-09-03T22:52:25+09:00,0.0018099547511312153,1,1,True,50~60%
2026-08-28,010955,S-Oil1우선주,69500.0,0.5021967100880487,상승,846,Logistic Regression,0.5800171547236399,2026-09-03T22:52:25+09:00,0.0057553956834532904,1,1,True,50~60%
2026-08-28,051905,LG생활건강1우선주,110800.0,0.5020912413143861,상승,847,Logistic Regression,0.5800171547236399,2026-09-03T22:52:25+09:00,-0.016245487364620947,0,1,False,50~60%
2026-08-28,00279K,아모레퍼시픽홀딩스3우선주(전환),22700.0,0.5020069456072109,상승,848,Logistic Regression,0.5800171547236399,2026-09-03T22:52:25+09:00,-0.01541850220264318,0,1,False,50~60%
2026-08-28,014990,인디에프보통주,3045.0,0.5019898767776333,상승,849,Logistic Regression,0.5800171547236399,2026-09-03T22:52:25+09:00,0.3169129720853858,1,1,True,50~60%
2026-08-28,008730,율촌화학보통주,16800.0,0.5019844999230018,상승,850,Logistic Regression,0.5800171547236399,2026-09-03T22:52:25+09:00,-0.029761904761904767,0,1,False,50~60%
2026-08-28,014830,유니드 보통주,66500.0,0.5019542562290138,상승,851,Logistic Regression,0.5800171547236399,2026-09-03T22:52:25+09:00,-0.0015037593984962294,0,1,False,50~60%
2026-08-28,003530,한화투자증권보통주,5000.0,0.5016422181460406,상승,852,Logistic Regression,0.5800171547236399,2026-09-03T22:52:25+09:00,-0.014000000000000012,0,1,False,50~60%
2026-08-28,071950,코아스보통주,1660.0,0.501489108541981,상승,853,Logistic Regression,0.5800171547236399,2026-09-03T22:52:25+09:00,0.08674698795180724,1,1,True,50~60%
2026-08-28,008930,한미사이언스보통주,44500.0,0.5008279352100448,상승,854,Logistic Regression,0.5800171547236399,2026-09-03T22:52:25+09:00,0.02921348314606731,1,1,True,50~60%
2026-08-28,003230,삼양식품보통주,1547000.0,0.5004391857846413,상승,855,Logistic Regression,0.5800171547236399,2026-09-03T22:52:25+09:00,-0.035552682611506126,0,1,False,50~60%
2026-08-28,090435,아모레퍼시픽 1우선주,46800.0,0.4998214571607666,하락 또는 보합,856,Logistic Regression,0.5800171547236399,2026-09-03T22:52:25+09:00,-0.026709401709401726,0,0,True,40~50%
2026-08-28,078930,GS보통주,129200.0,0.4994125662816182,하락 또는 보합,857,Logistic Regression,0.5800171547236399,2026-09-03T22:52:25+09:00,-0.03482972136222906,0,0,True,40~50%
2026-08-28,226320,잇츠한불보통주,11410.0,0.4988342941902016,하락 또는 보합,858,Logistic Regression,0.5800171547236399,2026-09-03T22:52:25+09:00,-0.018404907975460127,0,0,True,40~50%
2026-08-28,012690,모나리자보통주,1498.0,0.4983630367373018,하락 또는 보합,859,Logistic Regression,0.5800171547236399,2026-09-03T22:52:25+09:00,0.02603471295060089,1,0,False,40~50%
2026-08-28,009415,태영건설우선주,6760.0,0.49816261382812,하락 또는 보합,860,Logistic Regression,0.5800171547236399,2026-09-03T22:52:25+09:00,-0.041420118343195256,0,0,True,40~50%
2026-08-28,004370,농심보통주,450500.0,0.4979259060925611,하락 또는 보합,861,Logistic Regression,0.5800171547236399,2026-09-03T22:52:25+09:00,-0.019977802441731418,0,0,True,40~50%
2026-08-28,090430,아모레퍼시픽 보통주,150600.0,0.4978692143591945,하락 또는 보합,862,Logistic Regression,0.5800171547236399,2026-09-03T22:52:25+09:00,-0.028552456839309404,0,0,True,40~50%
2026-08-28,008260,NI스틸보통주,3585.0,0.4975259958241373,하락 또는 보합,863,Logistic Regression,0.5800171547236399,2026-09-03T22:52:25+09:00,-0.001394700139469962,0,0,True,40~50%
2026-08-28,044380,주연테크 보통주,928.0,0.4974708646292239,하락 또는 보합,864,Logistic Regression,0.5800171547236399,2026-09-03T22:52:25+09:00,0.1681034482758621,1,0,False,40~50%
2026-08-28,282330,BGF리테일보통주,147000.0,0.4973953077814877,하락 또는 보합,865,Logistic Regression,0.5800171547236399,2026-09-03T22:52:25+09:00,0.026530612244898055,1,0,False,40~50%
2026-08-28,278470,에이피알보통주,461500.0,0.4959920420077886,하락 또는 보합,866,Logistic Regression,0.5800171547236399,2026-09-03T22:52:25+09:00,-0.06283856988082337,0,0,True,40~50%
2026-08-28,006110,삼아알미늄보통주,67000.0,0.4959479287984105,하락 또는 보합,867,Logistic Regression,0.5800171547236399,2026-09-03T22:52:25+09:00,0.0582089552238807,1,0,False,40~50%
2026-08-28,025860,남해화학보통주,6430.0,0.4959444078918711,하락 또는 보합,868,Logistic Regression,0.5800171547236399,2026-09-03T22:52:25+09:00,0.007776049766718529,1,0,False,40~50%
2026-08-28,192650,드림텍보통주,6150.0,0.4957185690019274,하락 또는 보합,869,Logistic Regression,0.5800171547236399,2026-09-03T22:52:25+09:00,-0.04390243902439028,0,0,True,40~50%
2026-08-28,011155,CJ씨푸드1우선주,7200.0,0.4956334604686197,하락 또는 보합,870,Logistic Regression,0.5800171547236399,2026-09-03T22:52:25+09:00,-0.06388888888888888,0,0,True,40~50%
2026-08-28,066970,엘앤에프보통주,134800.0,0.4952972292865599,하락 또는 보합,871,Logistic Regression,0.5800171547236399,2026-09-03T22:52:25+09:00,-0.02670623145400597,0,0,True,40~50%
2026-08-28,001360,삼성제약,1348.0,0.4952658197241393,하락 또는 보합,872,Logistic Regression,0.5800171547236399,2026-09-03T22:52:25+09:00,0.010385756676557945,1,0,False,40~50%
2026-08-28,011690,와이투솔루션보통주,3450.0,0.4949442111794866,하락 또는 보합,873,Logistic Regression,0.5800171547236399,2026-09-03T22:52:25+09:00,-0.023188405797101463,0,0,True,40~50%
2026-08-28,005257,녹십자홀딩스2우선주(신형),17760.0,0.4948841366555465,하락 또는 보합,874,Logistic Regression,0.5800171547236399,2026-09-03T22:52:25+09:00,-0.012950450450450401,0,0,True,40~50%
2026-08-28,015260,에이엔피보통주,280.0,0.4948586866868024,하락 또는 보합,875,Logistic Regression,0.5800171547236399,2026-09-03T22:52:25+09:00,0.10000000000000009,1,0,False,40~50%
2026-08-28,002790,아모레퍼시픽홀딩스보통주,28000.0,0.493966233643935,하락 또는 보합,876,Logistic Regression,0.5800171547236399,2026-09-03T22:52:25+09:00,-0.02857142857142858,0,0,True,40~50%
2026-08-28,055490,테이팩스보통주,16550.0,0.4939154131781198,하락 또는 보합,877,Logistic Regression,0.5800171547236399,2026-09-03T22:52:25+09:00,0.01812688821752273,1,0,False,40~50%
2026-08-28,383220,F&F보통주,66900.0,0.4933131222881818,하락 또는 보합,878,Logistic Regression,0.5800171547236399,2026-09-03T22:52:25+09:00,0.020926756352765308,1,0,False,40~50%
2026-08-28,002995,금호건설1우선주,22200.0,0.4923944853333803,하락 또는 보합,879,Logistic Regression,0.5800171547236399,2026-09-03T22:52:25+09:00,-0.05180180180180183,0,0,True,40~50%
2026-08-28,120110,코오롱인더스트리보통주,56500.0,0.4921366870346709,하락 또는 보합,880,Logistic Regression,0.5800171547236399,2026-09-03T22:52:25+09:00,0.0424778761061948,1,0,False,40~50%
2026-08-28,051900,LG생활건강보통주,318000.0,0.4921188947252002,하락 또는 보합,881,Logistic Regression,0.5800171547236399,2026-09-03T22:52:25+09:00,-0.037735849056603765,0,0,True,40~50%
2026-08-28,029460,케이씨보통주,40950.0,0.4920231392079587,하락 또는 보합,882,Logistic Regression,0.5800171547236399,2026-09-03T22:52:25+09:00,-0.04395604395604391,0,0,True,40~50%
2026-08-28,001450,현대해상화재보험보통주,52400.0,0.4893919027016003,하락 또는 보합,883,Logistic Regression,0.5800171547236399,2026-09-03T22:52:25+09:00,0.01908396946564883,1,0,False,40~50%
2026-08-28,003535,한화투자증권1우선주,7020.0,0.4893377062286591,하락 또는 보합,884,Logistic Regression,0.5800171547236399,2026-09-03T22:52:25+09:00,-0.021367521367521403,0,0,True,40~50%
2026-08-28,044820,코스맥스비티아이 주식회사 보통주,26800.0,0.4889936184129724,하락 또는 보합,885,Logistic Regression,0.5800171547236399,2026-09-03T22:52:25+09:00,-0.04477611940298509,0,0,True,40~50%
2026-08-28,027970,한국제지보통주,2785.0,0.4885663699224197,하락 또는 보합,886,Logistic Regression,0.5800171547236399,2026-09-03T22:52:25+09:00,-0.016157989228007152,0,0,True,40~50%
2026-08-28,036420,콘텐트리중앙보통주,1614.0,0.4881344182674043,하락 또는 보합,887,Logistic Regression,0.5800171547236399,2026-09-03T22:52:25+09:00,-0.010532837670384154,0,0,True,40~50%
2026-08-28,000040,KR모터스보통주,1481.0,0.4877024158102529,하락 또는 보합,888,Logistic Regression,0.5800171547236399,2026-09-03T22:52:25+09:00,-0.014854827819041239,0,0,True,40~50%
2026-08-28,192820,코스맥스보통주,303000.0,0.4871772861456686,하락 또는 보합,889,Logistic Regression,0.5800171547236399,2026-09-03T22:52:25+09:00,-0.05280528052805278,0,0,True,40~50%
2026-08-28,003010,혜인보통주,12680.0,0.4870129339729804,하락 또는 보합,890,Logistic Regression,0.5800171547236399,2026-09-03T22:52:25+09:00,-0.15063091482649837,0,0,True,40~50%
2026-08-28,006650,대한유화보통주,95800.0,0.4857698126949917,하락 또는 보합,891,Logistic Regression,0.5800171547236399,2026-09-03T22:52:25+09:00,0.029227557411273475,1,0,False,40~50%
2026-08-28,010950,S-Oil보통주,149200.0,0.4854246237610642,하락 또는 보합,892,Logistic Regression,0.5800171547236399,2026-09-03T22:52:25+09:00,0.016756032171581836,1,0,False,40~50%
2026-08-28,025560,미래산업보통주,6540.0,0.4850232940360292,하락 또는 보합,893,Logistic Regression,0.5800171547236399,2026-09-03T22:52:25+09:00,-0.006116207951070374,0,0,True,40~50%
2026-08-28,280360,롯데웰푸드보통주,146300.0,0.4841198176143468,하락 또는 보합,894,Logistic Regression,0.5800171547236399,2026-09-03T22:52:25+09:00,-0.010936431989063577,0,0,True,40~50%
2026-08-28,020120,키다리스튜디오보통주,6180.0,0.4824168918513197,하락 또는 보합,895,Logistic Regression,0.5800171547236399,2026-09-03T22:52:25+09:00,0.18770226537216828,1,0,False,40~50%
2026-08-28,285130,SK케미칼보통주,54200.0,0.4818333503071414,하락 또는 보합,896,Logistic Regression,0.5800171547236399,2026-09-03T22:52:25+09:00,-0.0018450184501844769,0,0,True,40~50%
2026-08-28,088350,한화생명보험보통주,5950.0,0.4806943154091682,하락 또는 보합,897,Logistic Regression,0.5800171547236399,2026-09-03T22:52:25+09:00,-0.005042016806722671,0,0,True,40~50%
2026-08-28,004770,써니전자보통주,1945.0,0.4797733078399724,하락 또는 보합,898,Logistic Regression,0.5800171547236399,2026-09-03T22:52:25+09:00,0.22107969151670948,1,0,False,40~50%
2026-08-28,078520,에이블씨엔씨보통주,12670.0,0.4782781744336007,하락 또는 보합,899,Logistic Regression,0.5800171547236399,2026-09-03T22:52:25+09:00,-0.03709550118389893,0,0,True,40~50%
2026-08-28,003350,한국화장품제조보통주,14440.0,0.4778936368247702,하락 또는 보합,900,Logistic Regression,0.5800171547236399,2026-09-03T22:52:25+09:00,-0.03462603878116344,0,0,True,40~50%
2026-08-28,000370,한화손해보험보통주,8450.0,0.4764179169139173,하락 또는 보합,901,Logistic Regression,0.5800171547236399,2026-09-03T22:52:25+09:00,0.05207100591715985,1,0,False,40~50%
2026-08-28,004490,세방전지보통주,66300.0,0.4748930849164856,하락 또는 보합,902,Logistic Regression,0.5800171547236399,2026-09-03T22:52:25+09:00,0.012066365007541435,1,0,False,40~50%
2026-08-28,019175,신풍제약1우선주,15060.0,0.4707458852557995,하락 또는 보합,903,Logistic Regression,0.5800171547236399,2026-09-03T22:52:25+09:00,0.04249667994687911,1,0,False,40~50%
2026-08-28,161890,한국콜마보통주,161700.0,0.4698168582305936,하락 또는 보합,904,Logistic Regression,0.5800171547236399,2026-09-03T22:52:25+09:00,-0.04143475572046995,0,0,True,40~50%
2026-08-28,001530,DI동일보통주,28050.0,0.4678377555425938,하락 또는 보합,905,Logistic Regression,0.5800171547236399,2026-09-03T22:52:25+09:00,-0.012477718360071277,0,0,True,40~50%
2026-08-28,006570,대림통상보통주,2010.0,0.466325058865572,하락 또는 보합,906,Logistic Regression,0.5800171547236399,2026-09-03T22:52:25+09:00,-0.06069651741293536,0,0,True,40~50%
2026-08-28,019170,신풍제약보통주,10090.0,0.4609123622984873,하락 또는 보합,907,Logistic Regression,0.5800171547236399,2026-09-03T22:52:25+09:00,0.04063429137760166,1,0,False,40~50%
2026-08-28,051630,진양화학보통주,1410.0,0.4591625608295686,하락 또는 보합,908,Logistic Regression,0.5800171547236399,2026-09-03T22:52:25+09:00,0.0035460992907800915,1,0,False,40~50%
2026-08-28,010640,진양폴리우레탄보통주,2190.0,0.4537820834255979,하락 또는 보합,909,Logistic Regression,0.5800171547236399,2026-09-03T22:52:25+09:00,-0.038812785388127824,0,0,True,40~50%
2026-08-28,010580,에스엠벡셀보통주,1718.0,0.4536809515583214,하락 또는 보합,910,Logistic Regression,0.5800171547236399,2026-09-03T22:52:25+09:00,0.04540162980209539,1,0,False,40~50%
2026-08-28,002990,금호건설보통주,17020.0,0.4425547142684428,하락 또는 보합,911,Logistic Regression,0.5800171547236399,2026-09-03T22:52:25+09:00,-0.03055229142185667,0,0,True,40~50%
2026-08-28,001770,SHD보통주,12350.0,0.3801219699422359,하락 또는 보합,912,Logistic Regression,0.5800171547236399,2026-09-03T22:52:25+09:00,0.13036437246963573,1,0,False,0~40%
2026-08-28,001210,금호전기보통주,10680.0,0.3582171695364768,하락 또는 보합,913,Logistic Regression,0.5800171547236399,2026-09-03T22:52:25+09:00,0.22378277153558046,1,0,False,0~40%
2026-09-02,011090,에넥스보통주,1190.0,0.5974927315247331,상승,1,Logistic Regression,0.5800171547236399,2026-09-03T22:55:26+09:00,0.07394957983193273,1,1,True,50~60%
2026-09-02,004770,써니전자보통주,1865.0,0.5668245555806496,상승,2,Logistic Regression,0.5800171547236399,2026-09-03T22:55:26+09:00,0.1715817694369972,1,1,True,50~60%
2026-09-02,014915,성문전자1우선주,4725.0,0.5645145667685018,상승,3,Logistic Regression,0.5800171547236399,2026-09-03T22:55:26+09:00,-0.014814814814814836,0,1,False,50~60%
2026-09-02,005950,이수화학보통주,11300.0,0.5558658964923507,상승,4,Logistic Regression,0.5800171547236399,2026-09-03T22:55:26+09:00,0.0424778761061948,1,1,True,50~60%
2026-09-02,003010,혜인보통주,9520.0,0.5528402542008461,상승,5,Logistic Regression,0.5800171547236399,2026-09-03T22:55:26+09:00,0.11869747899159666,1,1,True,50~60%
2026-09-02,010060,오씨아이홀딩스보통주,241000.0,0.5519619878766037,상승,6,Logistic Regression,0.5800171547236399,2026-09-03T22:55:26+09:00,-0.05601659751037347,0,1,False,50~60%
2026-09-02,004170,신세계보통주,386500.0,0.5519580503329135,상승,7,Logistic Regression,0.5800171547236399,2026-09-03T22:55:26+09:00,-0.010349288486416586,0,1,False,50~60%
2026-09-02,402340,SK스퀘어보통주,982000.0,0.5501795012195576,상승,8,Logistic Regression,0.5800171547236399,2026-09-03T22:55:26+09:00,0.060081466395111915,1,1,True,50~60%
2026-09-02,005420,코스모화학보통주,10360.0,0.5500478041158835,상승,9,Logistic Regression,0.5800171547236399,2026-09-03T22:55:26+09:00,-0.004826254826254872,0,1,False,50~60%
2026-09-02,267260,에이치디현대일렉트릭보통주,711000.0,0.5492642877860544,상승,10,Logistic Regression,0.5800171547236399,2026-09-03T22:55:26+09:00,0.00421940928270037,1,1,True,50~60%
2026-09-02,085620,미래에셋생명보험보통주,20450.0,0.5478951091149604,상승,11,Logistic Regression,0.5800171547236399,2026-09-03T22:55:26+09:00,-0.02591687041564794,0,1,False,50~60%
2026-09-02,009830,한화솔루션보통주,30300.0,0.547517278001533,상승,12,Logistic Regression,0.5800171547236399,2026-09-03T22:55:26+09:00,-0.008250825082508295,0,1,False,50~60%
2026-09-02,000150,두산보통주,1121000.0,0.5474787589088183,상승,13,Logistic Regression,0.5800171547236399,2026-09-03T22:55:26+09:00,0.01873327386262269,1,1,True,50~60%
2026-09-02,009900,명신산업보통주,7900.0,0.5469902009672071,상승,14,Logistic Regression,0.5800171547236399,2026-09-03T22:55:26+09:00,0.09240506329113929,1,1,True,50~60%
2026-09-02,011155,CJ씨푸드1우선주,6250.0,0.5464806053945535,상승,15,Logistic Regression,0.5800171547236399,2026-09-03T22:55:26+09:00,0.04479999999999995,1,1,True,50~60%
2026-09-02,000950,전방보통주,32150.0,0.5463798792313121,상승,16,Logistic Regression,0.5800171547236399,2026-09-03T22:55:26+09:00,0.01710730948678063,1,1,True,50~60%
2026-09-02,000720,현대건설보통주,112600.0,0.5463237475577712,상승,17,Logistic Regression,0.5800171547236399,2026-09-03T22:55:26+09:00,0.06305506216696277,1,1,True,50~60%
2026-09-02,077970,STX엔진보통주,23200.0,0.5461514103168859,상승,18,Logistic Regression,0.5800171547236399,2026-09-03T22:55:26+09:00,0.015086206896551824,1,1,True,50~60%
2026-09-02,042660,한화오션보통주,82000.0,0.5458285864688297,상승,19,Logistic Regression,0.5800171547236399,2026-09-03T22:55:26+09:00,0.05853658536585371,1,1,True,50~60%
2026-09-02,336260,두산퓨얼셀보통주,38700.0,0.5457396536277678,상승,20,Logistic Regression,0.5800171547236399,2026-09-03T22:55:26+09:00,0.13307493540051674,1,1,True,50~60%
2026-09-02,003670,포스코퓨처엠보통주,176000.0,0.5455703370788281,상승,21,Logistic Regression,0.5800171547236399,2026-09-03T22:55:26+09:00,0.04318181818181821,1,1,True,50~60%
2026-09-02,092200,디아이씨 보통주,5710.0,0.5448826924319718,상승,22,Logistic Regression,0.5800171547236399,2026-09-03T22:55:26+09:00,0.017513134851138368,1,1,True,50~60%
2026-09-02,457190,이수스페셜티케미컬보통주,64300.0,0.5447956263373668,상승,23,Logistic Regression,0.5800171547236399,2026-09-03T22:55:26+09:00,-0.015552099533437058,0,1,False,50~60%
2026-09-02,082740,한화엔진보통주,44650.0,0.5447518852475745,상승,24,Logistic Regression,0.5800171547236399,2026-09-03T22:55:26+09:00,0.02127659574468077,1,1,True,50~60%
2026-09-02,017960,한국카본보통주,22150.0,0.544740671830668,상승,25,Logistic Regression,0.5800171547236399,2026-09-03T22:55:26+09:00,0.018058690744920947,1,1,True,50~60%
2026-09-02,002840,미원상사보통주,128400.0,0.5443965465835854,상승,26,Logistic Regression,0.5800171547236399,2026-09-03T22:55:26+09:00,0.012461059190031154,1,1,True,50~60%
2026-09-02,086280,현대글로비스보통주,195000.0,0.5440451471050112,상승,27,Logistic Regression,0.5800171547236399,2026-09-03T22:55:26+09:00,0.05641025641025643,1,1,True,50~60%
2026-09-02,034020,두산에너빌리티보통주,76600.0,0.5436415439436638,상승,28,Logistic Regression,0.5800171547236399,2026-09-03T22:55:26+09:00,0.03394255874673635,1,1,True,50~60%
2026-09-02,012330,현대모비스보통주,415500.0,0.5432506403105887,상승,29,Logistic Regression,0.5800171547236399,2026-09-03T22:55:26+09:00,0.01564380264741283,1,1,True,50~60%
2026-09-02,011500,한농화성보통주,13200.0,0.5431817893307992,상승,30,Logistic Regression,0.5800171547236399,2026-09-03T22:55:26+09:00,0.006818181818181834,1,1,True,50~60%
2026-09-02,020150,롯데에너지머티리얼즈보통주,36400.0,0.5431221231651113,상승,31,Logistic Regression,0.5800171547236399,2026-09-03T22:55:26+09:00,0.012362637362637319,1,1,True,50~60%
2026-09-02,034730,SK보통주,545000.0,0.5430898203828151,상승,32,Logistic Regression,0.5800171547236399,2026-09-03T22:55:26+09:00,0.05137614678899083,1,1,True,50~60%
2026-09-02,097520,엠씨넥스보통주,19120.0,0.542931454720168,상승,33,Logistic Regression,0.5800171547236399,2026-09-03T22:55:26+09:00,-0.004184100418409997,0,1,False,50~60%
2026-09-02,272210,한화시스템보통주,66900.0,0.5428629812790038,상승,34,Logistic Regression,0.5800171547236399,2026-09-03T22:55:26+09:00,0.0284005979073243,1,1,True,50~60%
2026-09-02,329180,에이치디현대중공업보통주,422000.0,0.5426990416334248,상승,35,Logistic Regression,0.5800171547236399,2026-09-03T22:55:26+09:00,0.034360189573459765,1,1,True,50~60%
2026-09-02,009540,에이치디한국조선해양보통주,329500.0,0.5423599903342822,상승,36,Logistic Regression,0.5800171547236399,2026-09-03T22:55:26+09:00,0.05766312594840661,1,1,True,50~60%
2026-09-02,071970,에이치디현대마린엔진보통주,48950.0,0.5423354670481227,상승,37,Logistic Regression,0.5800171547236399,2026-09-03T22:55:26+09:00,0.025536261491317713,1,1,True,50~60%
2026-09-02,229640,LS에코에너지보통주,44300.0,0.542170034435283,상승,38,Logistic Regression,0.5800171547236399,2026-09-03T22:55:26+09:00,0.02934537246049662,1,1,True,50~60%
2026-09-02,204320,HL만도보통주,47350.0,0.5421469215227817,상승,39,Logistic Regression,0.5800171547236399,2026-09-03T22:55:26+09:00,0.02428722280887019,1,1,True,50~60%
2026-09-02,103590,일진전기 보통주,67500.0,0.5419398764420847,상승,40,Logistic Regression,0.5800171547236399,2026-09-03T22:55:26+09:00,0.01185185185185178,1,1,True,50~60%
2026-09-02,217590,티엠씨보통주,10330.0,0.5419035304692715,상승,41,Logistic Regression,0.5800171547236399,2026-09-03T22:55:26+09:00,0.0029041626331074433,1,1,True,50~60%
2026-09-02,011790,SKC보통주,83600.0,0.5418344396368793,상승,42,Logistic Regression,0.5800171547236399,2026-09-03T22:55:26+09:00,0.00837320574162681,1,1,True,50~60%
2026-09-02,298040,효성중공업보통주,2765000.0,0.5415446030505519,상승,43,Logistic Regression,0.5800171547236399,2026-09-03T22:55:26+09:00,-0.011934900542495464,0,1,False,50~60%
2026-09-02,450080,에코프로머티보통주,35100.0,0.5414142891460132,상승,44,Logistic Regression,0.5800171547236399,2026-09-03T22:55:26+09:00,0.02136752136752129,1,1,True,50~60%
2026-09-02,028050,삼성E&A보통주,43700.0,0.5413881537803376,상승,45,Logistic Regression,0.5800171547236399,2026-09-03T22:55:26+09:00,0.04919908466819223,1,1,True,50~60%
2026-09-02,317400,자이에스앤디보통주,10150.0,0.5413594173626718,상승,46,Logistic Regression,0.5800171547236399,2026-09-03T22:55:26+09:00,0.10640394088669947,1,1,True,50~60%
2026-09-02,439260,대한조선보통주,44500.0,0.541289239692302,상승,47,Logistic Regression,0.5800171547236399,2026-09-03T22:55:26+09:00,0.05505617977528088,1,1,True,50~60%
2026-09-02,000155,두산1우선주,405000.0,0.540948236929454,상승,48,Logistic Regression,0.5800171547236399,2026-09-03T22:55:26+09:00,-0.00864197530864197,0,1,False,50~60%
2026-09-02,002710,TCC스틸보통주,10850.0,0.5408987978411682,상승,49,Logistic Regression,0.5800171547236399,2026-09-03T22:55:26+09:00,0.030414746543778737,1,1,True,50~60%
2026-09-02,073240,금호타이어보통주,7130.0,0.5408937004075471,상승,50,Logistic Regression,0.5800171547236399,2026-09-03T22:55:26+09:00,0.007012622720897532,1,1,True,50~60%
2026-09-02,014820,동원시스템즈보통주,21500.0,0.5408369204715412,상승,51,Logistic Regression,0.5800171547236399,2026-09-03T22:55:26+09:00,0.009302325581395321,1,1,True,50~60%
2026-09-02,062040,산일전기보통주,183800.0,0.5408147348087671,상승,52,Logistic Regression,0.5800171547236399,2026-09-03T22:55:26+09:00,0.04298150163220882,1,1,True,50~60%
2026-09-02,018260,삼성에스디에스보통주,233000.0,0.5407933255415367,상승,53,Logistic Regression,0.5800171547236399,2026-09-03T22:55:26+09:00,0.02145922746781115,1,1,True,50~60%
2026-09-02,006800,미래에셋증권보통주,33000.0,0.5406379876252028,상승,54,Logistic Regression,0.5800171547236399,2026-09-03T22:55:26+09:00,0.043939393939393945,1,1,True,50~60%
2026-09-02,006340,대원전선보통주,12730.0,0.5405840547986779,상승,55,Logistic Regression,0.5800171547236399,2026-09-03T22:55:26+09:00,0.01571091908876676,1,1,True,50~60%
2026-09-02,078935,GS1우선주,61600.0,0.5404477976825329,상승,56,Logistic Regression,0.5800171547236399,2026-09-03T22:55:26+09:00,0.01948051948051943,1,1,True,50~60%
2026-09-02,307950,현대오토에버보통주,385500.0,0.5404179883518587,상승,57,Logistic Regression,0.5800171547236399,2026-09-03T22:55:26+09:00,0.024643320363164634,1,1,True,50~60%
2026-09-02,005380,현대자동차보통주,378000.0,0.5403347497613333,상승,58,Logistic Regression,0.5800171547236399,2026-09-03T22:55:26+09:00,0.014550264550264647,1,1,True,50~60%
2026-09-02,006650,대한유화보통주,92000.0,0.5402581187101337,상승,59,Logistic Regression,0.5800171547236399,2026-09-03T22:55:26+09:00,0.05108695652173911,1,1,True,50~60%
2026-09-02,051915,LG화학1우선주,122900.0,0.5400482819962764,상승,60,Logistic Regression,0.5800171547236399,2026-09-03T22:55:26+09:00,0.04800650935720108,1,1,True,50~60%
2026-09-02,007460,에이프로젠보통주,2060.0,0.5399995513313637,상승,61,Logistic Regression,0.5800171547236399,2026-09-03T22:55:26+09:00,0.04854368932038833,1,1,True,50~60%
2026-09-02,005385,현대자동차1우선주,179800.0,0.5399617625191554,상승,62,Logistic Regression,0.5800171547236399,2026-09-03T22:55:26+09:00,0.032258064516129004,1,1,True,50~60%
2026-09-02,475560,더본코리아보통주,15650.0,0.5399454714696812,상승,63,Logistic Regression,0.5800171547236399,2026-09-03T22:55:26+09:00,-0.014057507987220497,0,1,False,50~60%
2026-09-02,002210,동성제약보통주,1417.0,0.5398740696545846,상승,64,Logistic Regression,0.5800171547236399,2026-09-03T22:55:26+09:00,0.0056457304163726185,1,1,True,50~60%
2026-09-02,090460,비에이치보통주,20250.0,0.5398617859629812,상승,65,Logistic Regression,0.5800171547236399,2026-09-03T22:55:26+09:00,0.07901234567901239,1,1,True,50~60%
2026-09-02,373220,LG에너지솔루션보통주,347500.0,0.5398230309202378,상승,66,Logistic Regression,0.5800171547236399,2026-09-03T22:55:26+09:00,0.031654676258992875,1,1,True,50~60%
2026-09-02,004800,효성보통주,159800.0,0.5397662893440459,상승,67,Logistic Regression,0.5800171547236399,2026-09-03T22:55:26+09:00,-0.005006257822277815,0,1,False,50~60%
2026-09-02,005070,코스모신소재보통주,38150.0,0.53963728908901,상승,68,Logistic Regression,0.5800171547236399,2026-09-03T22:55:26+09:00,0.022280471821756187,1,1,True,50~60%
2026-09-02,008770,호텔신라보통주,42150.0,0.5396260691944621,상승,69,Logistic Regression,0.5800171547236399,2026-09-03T22:55:26+09:00,0.0011862396204034287,1,1,True,50~60%
2026-09-02,183190,아세아시멘트보통주,10440.0,0.5395785088939943,상승,70,Logistic Regression,0.5800171547236399,2026-09-03T22:55:26+09:00,0.03352490421455934,1,1,True,50~60%
2026-09-02,079550,LIG디펜스앤에어로스페이스보통주,655000.0,0.5395035059441085,상승,71,Logistic Regression,0.5800171547236399,2026-09-03T22:55:26+09:00,-0.004580152671755711,0,1,False,50~60%
2026-09-02,010140,삼성중공업보통주,19940.0,0.5393062545130174,상승,72,Logistic Regression,0.5800171547236399,2026-09-03T22:55:26+09:00,0.07321965897693072,1,1,True,50~60%
2026-09-02,006805,미래에셋증권1우선주,11810.0,0.5392824496237284,상승,73,Logistic Regression,0.5800171547236399,2026-09-03T22:55:26+09:00,0.010160880609652923,1,1,True,50~60%
2026-09-02,023530,롯데쇼핑 보통주,105300.0,0.5391789945648404,상승,74,Logistic Regression,0.5800171547236399,2026-09-03T22:55:26+09:00,0.02089268755935425,1,1,True,50~60%
2026-09-02,103140,풍산 보통주,77200.0,0.5391003085678379,상승,75,Logistic Regression,0.5800171547236399,2026-09-03T22:55:26+09:00,0.015544041450777257,1,1,True,50~60%
2026-09-02,000157,두산2우선주(신형),327000.0,0.5390490321766725,상승,76,Logistic Regression,0.5800171547236399,2026-09-03T22:55:26+09:00,0.013761467889908285,1,1,True,50~60%
2026-09-02,015860,일진홀딩스보통주,6360.0,0.5390081971437265,상승,77,Logistic Regression,0.5800171547236399,2026-09-03T22:55:26+09:00,0.02358490566037741,1,1,True,50~60%
2026-09-02,214420,토니모리보통주,5290.0,0.5389875823108804,상승,78,Logistic Regression,0.5800171547236399,2026-09-03T22:55:26+09:00,0.0,0,1,False,50~60%
2026-09-02,015260,에이엔피보통주,285.0,0.5389814156453309,상승,79,Logistic Regression,0.5800171547236399,2026-09-03T22:55:26+09:00,-0.0491228070175439,0,1,False,50~60%
2026-09-02,075580,세진중공업보통주,9880.0,0.5388559780246422,상승,80,Logistic Regression,0.5800171547236399,2026-09-03T22:55:26+09:00,0.04048582995951411,1,1,True,50~60%
2026-09-02,064350,현대로템보통주,122900.0,0.5387444508412742,상승,81,Logistic Regression,0.5800171547236399,2026-09-03T22:55:26+09:00,0.03173311635476006,1,1,True,50~60%
2026-09-02,032830,삼성생명보험보통주,294000.0,0.5387233086919485,상승,82,Logistic Regression,0.5800171547236399,2026-09-03T22:55:26+09:00,0.011904761904761862,1,1,True,50~60%
2026-09-02,005387,현대자동차2우선주(신형),180000.0,0.5387035553486668,상승,83,Logistic Regression,0.5800171547236399,2026-09-03T22:55:26+09:00,0.026666666666666616,1,1,True,50~60%
2026-09-02,017670,SK텔레콤보통주,91400.0,0.5385799759033775,상승,84,Logistic Regression,0.5800171547236399,2026-09-03T22:55:26+09:00,0.012035010940919078,1,1,True,50~60%
2026-09-02,006400,삼성SDI보통주,538000.0,0.5384959688478281,상승,85,Logistic Regression,0.5800171547236399,2026-09-03T22:55:26+09:00,0.018587360594795488,1,1,True,50~60%
2026-09-02,010120,LS ELECTRIC보통주,195700.0,0.5384845892913762,상승,86,Logistic Regression,0.5800171547236399,2026-09-03T22:55:26+09:00,-0.0020439448134900173,0,1,False,50~60%
2026-09-02,053690,한미글로벌건축사사무소보통주,20550.0,0.5384734149893555,상승,87,Logistic Regression,0.5800171547236399,2026-09-03T22:55:26+09:00,0.10948905109489049,1,1,True,50~60%
2026-09-02,02826K,삼성물산1우선주(신형),235500.0,0.53839357729161,상승,88,Logistic Regression,0.5800171547236399,2026-09-03T22:55:26+09:00,-0.027600849256900206,0,1,False,50~60%
2026-09-02,012030,DB Inc.보통주,1469.0,0.5383460656542162,상승,89,Logistic Regression,0.5800171547236399,2026-09-03T22:55:26+09:00,0.02586793737236226,1,1,True,50~60%
2026-09-02,078520,에이블씨엔씨보통주,11560.0,0.5383173894872605,상승,90,Logistic Regression,0.5800171547236399,2026-09-03T22:55:26+09:00,-0.02595155709342556,0,1,False,50~60%
2026-09-02,034310,NICE보통주,12600.0,0.5382492886838071,상승,91,Logistic Regression,0.5800171547236399,2026-09-03T22:55:26+09:00,0.0015873015873015817,1,1,True,50~60%
2026-09-02,161000,애경케미칼보통주,10290.0,0.5381887981754702,상승,92,Logistic Regression,0.5800171547236399,2026-09-03T22:55:26+09:00,0.024295432458697697,1,1,True,50~60%
2026-09-02,001060,JW중외제약보통주,27750.0,0.5380533846307405,상승,93,Logistic Regression,0.5800171547236399,2026-09-03T22:55:26+09:00,-0.009009009009009028,0,1,False,50~60%
2026-09-02,005930,삼성전자보통주,250500.0,0.538045950156597,상승,94,Logistic Regression,0.5800171547236399,2026-09-03T22:55:26+09:00,0.019960079840319445,1,1,True,50~60%
2026-09-02,006260,LS보통주,296500.0,0.5380374885633761,상승,95,Logistic Regression,0.5800171547236399,2026-09-03T22:55:26+09:00,0.010118043844856706,1,1,True,50~60%
2026-09-02,000990,DB하이텍보통주,89200.0,0.5380050125477854,상승,96,Logistic Regression,0.5800171547236399,2026-09-03T22:55:26+09:00,0.007847533632286963,1,1,True,50~60%
2026-09-02,002170,에스와이티에스보통주,55000.0,0.5377317802973416,상승,97,Logistic Regression,0.5800171547236399,2026-09-03T22:55:26+09:00,-0.012727272727272698,0,1,False,50~60%
2026-09-02,000660,에스케이하이닉스보통주,1613000.0,0.537670556839553,상승,98,Logistic Regression,0.5800171547236399,2026-09-03T22:55:26+09:00,0.021078735275883442,1,1,True,50~60%
2026-09-02,006405,삼성SDI1우선주,214500.0,0.5376527629297403,상승,99,Logistic Regression,0.5800171547236399,2026-09-03T22:55:26+09:00,0.02331002331002341,1,1,True,50~60%
2026-09-02,003530,한화투자증권보통주,4700.0,0.5376300041406482,상승,100,Logistic Regression,0.5800171547236399,2026-09-03T22:55:26+09:00,0.0851063829787233,1,1,True,50~60%
2026-09-02,047810,한국항공우주산업보통주,122600.0,0.5375836727449615,상승,101,Logistic Regression,0.5800171547236399,2026-09-03T22:55:26+09:00,0.031810766721044104,1,1,True,50~60%
2026-09-02,001740,SK네트웍스보통주,6240.0,0.5375509055212976,상승,102,Logistic Regression,0.5800171547236399,2026-09-03T22:55:26+09:00,0.02564102564102555,1,1,True,50~60%
2026-09-02,454910,두산로보틱스보통주,66000.0,0.537517468116071,상승,103,Logistic Regression,0.5800171547236399,2026-09-03T22:55:26+09:00,0.036363636363636376,1,1,True,50~60%
2026-09-02,300720,한일시멘트보통주,16390.0,0.5372965680242837,상승,104,Logistic Regression,0.5800171547236399,2026-09-03T22:55:26+09:00,0.017083587553386126,1,1,True,50~60%
2026-09-02,267250,에이치디현대보통주,209500.0,0.5372495867301627,상승,105,Logistic Regression,0.5800171547236399,2026-09-03T22:55:26+09:00,0.14797136038186154,1,1,True,50~60%
2026-09-02,008260,NI스틸보통주,3420.0,0.5370958291098514,상승,106,Logistic Regression,0.5800171547236399,2026-09-03T22:55:26+09:00,0.0,0,1,False,50~60%
2026-09-02,015590,디케이엠이보통주,1371.0,0.5369683242020433,상승,107,Logistic Regression,0.5800171547236399,2026-09-03T22:55:26+09:00,0.08825674690007301,1,1,True,50~60%
2026-09-02,078930,GS보통주,120000.0,0.5369102276823033,상승,108,Logistic Regression,0.5800171547236399,2026-09-03T22:55:26+09:00,0.03249999999999997,1,1,True,50~60%
2026-09-02,001525,동양1우선주,8670.0,0.5368676848250741,상승,109,Logistic Regression,0.5800171547236399,2026-09-03T22:55:26+09:00,0.026528258362168433,1,1,True,50~60%
2026-09-02,052690,한국전력기술 보통주,105800.0,0.536763983924922,상승,110,Logistic Regression,0.5800171547236399,2026-09-03T22:55:26+09:00,0.017013232514177634,1,1,True,50~60%
2026-09-02,014680,한솔케미칼보통주,193800.0,0.5367440540682172,상승,111,Logistic Regression,0.5800171547236399,2026-09-03T22:55:26+09:00,-0.003611971104231171,0,1,False,50~60%
2026-09-02,001527,동양2우선주(신형),6160.0,0.5367405686237171,상승,112,Logistic Regression,0.5800171547236399,2026-09-03T22:55:26+09:00,-0.02110389610389607,0,1,False,50~60%
2026-09-02,007575,일양약품1우선주,8010.0,0.5367388193379539,상승,113,Logistic Regression,0.5800171547236399,2026-09-03T22:55:26+09:00,-0.0337078651685393,0,1,False,50~60%
2026-09-02,005389,현대자동차3우선주(신형),177500.0,0.5367271533761331,상승,114,Logistic Regression,0.5800171547236399,2026-09-03T22:55:26+09:00,0.021971830985915597,1,1,True,50~60%
2026-09-02,003000,부광약품보통주,4065.0,0.5367170122511081,상승,115,Logistic Regression,0.5800171547236399,2026-09-03T22:55:26+09:00,0.0036900369003689537,1,1,True,50~60%
2026-09-02,200880,서연이화보통주,11610.0,0.5367156670288707,상승,116,Logistic Regression,0.5800171547236399,2026-09-03T22:55:26+09:00,0.0017226528854434875,1,1,True,50~60%
2026-09-02,001520,동양보통주,1047.0,0.5366722964089885,상승,117,Logistic Regression,0.5800171547236399,2026-09-03T22:55:26+09:00,0.02387774594078329,1,1,True,50~60%
2026-09-02,251270,넷마블보통주,37000.0,0.5365763175308763,상승,118,Logistic Regression,0.5800171547236399,2026-09-03T22:55:26+09:00,-0.018918918918918948,0,1,False,50~60%
2026-09-02,000270,기아보통주,124400.0,0.5365210520738266,상승,119,Logistic Regression,0.5800171547236399,2026-09-03T22:55:26+09:00,0.01688102893890675,1,1,True,50~60%
2026-09-02,267270,에이치디건설기계보통주,124700.0,0.536446726360805,상승,120,Logistic Regression,0.5800171547236399,2026-09-03T22:55:26+09:00,0.1226944667201284,1,1,True,50~60%
2026-09-02,33637L,솔루스첨단소재2우선주(신형),2270.0,0.5364056391363732,상승,121,Logistic Regression,0.5800171547236399,2026-09-03T22:55:26+09:00,0.013215859030837107,1,1,True,50~60%
2026-09-02,006370,대구백화점보통주,3715.0,0.5363402281130177,상승,122,Logistic Regression,0.5800171547236399,2026-09-03T22:55:26+09:00,-0.03633916554508754,0,1,False,50~60%
2026-09-02,03473K,SK1우선주,398000.0,0.5362064264404701,상승,123,Logistic Regression,0.5800171547236399,2026-09-03T22:55:26+09:00,0.028894472361808976,1,1,True,50~60%
2026-09-02,002350,넥센타이어보통주,6050.0,0.5361444637018519,상승,124,Logistic Regression,0.5800171547236399,2026-09-03T22:55:26+09:00,0.0049586776859504855,1,1,True,50~60%
2026-09-02,029460,케이씨보통주,37400.0,0.5361308810321675,상승,125,Logistic Regression,0.5800171547236399,2026-09-03T22:55:26+09:00,0.016042780748663166,1,1,True,50~60%
2026-09-02,010820,퍼스텍보통주,5430.0,0.5359086796971847,상승,126,Logistic Regression,0.5800171547236399,2026-09-03T22:55:26+09:00,0.04419889502762442,1,1,True,50~60%
2026-09-02,009190,대양금속보통주,1315.0,0.5358493528989072,상승,127,Logistic Regression,0.5800171547236399,2026-09-03T22:55:26+09:00,-0.006083650190114032,0,1,False,50~60%
2026-09-02,079160,씨제이씨지브이 보통주,5290.0,0.5358293900835346,상승,128,Logistic Regression,0.5800171547236399,2026-09-03T22:55:26+09:00,0.020793950850661602,1,1,True,50~60%
2026-09-02,097230,HJ중공업보통주,15920.0,0.5358034164179443,상승,129,Logistic Regression,0.5800171547236399,2026-09-03T22:55:26+09:00,0.011934673366834181,1,1,True,50~60%
2026-09-02,008490,서흥보통주,21400.0,0.535688505518399,상승,130,Logistic Regression,0.5800171547236399,2026-09-03T22:55:26+09:00,-0.007009345794392496,0,1,False,50~60%
2026-09-02,011210,현대위아보통주,56400.0,0.5356737453734527,상승,131,Logistic Regression,0.5800171547236399,2026-09-03T22:55:26+09:00,0.02127659574468077,1,1,True,50~60%
2026-09-02,012450,한화에어로스페이스보통주,1025000.0,0.5356446927182356,상승,132,Logistic Regression,0.5800171547236399,2026-09-03T22:55:26+09:00,0.029268292682926855,1,1,True,50~60%
2026-09-02,001440,대한전선보통주,27550.0,0.5356248408251224,상승,133,Logistic Regression,0.5800171547236399,2026-09-03T22:55:26+09:00,-0.005444646098003658,0,1,False,50~60%
2026-09-02,014830,유니드 보통주,63500.0,0.5356168249890024,상승,134,Logistic Regression,0.5800171547236399,2026-09-03T22:55:26+09:00,0.020472440944881987,1,1,True,50~60%
2026-09-02,004415,서울식품공업1우선주,5110.0,0.5354061075133492,상승,135,Logistic Regression,0.5800171547236399,2026-09-03T22:55:26+09:00,0.07240704500978468,1,1,True,50~60%
2026-09-02,006360,GS건설보통주,32250.0,0.535266802193078,상승,136,Logistic Regression,0.5800171547236399,2026-09-03T22:55:26+09:00,0.0620155038759691,1,1,True,50~60%
2026-09-02,047040,대우건설보통주,16280.0,0.53526644027862,상승,137,Logistic Regression,0.5800171547236399,2026-09-03T22:55:26+09:00,0.03501228501228493,1,1,True,50~60%
2026-09-02,499790,지에스피앤엘보통주,43550.0,0.5352608977628188,상승,138,Logistic Regression,0.5800171547236399,2026-09-03T22:55:26+09:00,-0.01722158438576349,0,1,False,50~60%
2026-09-02,007340,디엔오토모티브보통주,45150.0,0.5352374789925378,상승,139,Logistic Regression,0.5800171547236399,2026-09-03T22:55:26+09:00,-0.001107419712070845,0,1,False,50~60%
2026-09-02,022100,포스코DX보통주,20900.0,0.535206282137038,상승,140,Logistic Regression,0.5800171547236399,2026-09-03T22:55:26+09:00,0.03588516746411474,1,1,True,50~60%
2026-09-02,011170,롯데케미칼보통주,57300.0,0.5351542431001307,상승,141,Logistic Regression,0.5800171547236399,2026-09-03T22:55:26+09:00,0.04712041884816753,1,1,True,50~60%
2026-09-02,025820,이구산업보통주,4260.0,0.5350550155179743,상승,142,Logistic Regression,0.5800171547236399,2026-09-03T22:55:26+09:00,0.0046948356807512415,1,1,True,50~60%
2026-09-02,259960,크래프톤보통주,221000.0,0.5348272273617828,상승,143,Logistic Regression,0.5800171547236399,2026-09-03T22:55:26+09:00,-0.020361990950226283,0,1,False,50~60%
2026-09-02,044820,코스맥스비티아이 주식회사 보통주,24800.0,0.5347351003800692,상승,144,Logistic Regression,0.5800171547236399,2026-09-03T22:55:26+09:00,-0.008064516129032251,0,1,False,50~60%
2026-09-02,108320,LX세미콘보통주,36450.0,0.5346015335889511,상승,145,Logistic Regression,0.5800171547236399,2026-09-03T22:55:26+09:00,-0.006858710562414272,0,1,False,50~60%
2026-09-02,000430,대원강업보통주,4215.0,0.534584420466497,상승,146,Logistic Regression,0.5800171547236399,2026-09-03T22:55:26+09:00,0.04151838671411623,1,1,True,50~60%
2026-09-02,178920,피아이첨단소재보통주,18930.0,0.5345768764398988,상승,147,Logistic Regression,0.5800171547236399,2026-09-03T22:55:26+09:00,0.00528262017960901,1,1,True,50~60%
2026-09-02,006660,삼성공조보통주,12320.0,0.5344919418180378,상승,148,Logistic Regression,0.5800171547236399,2026-09-03T22:55:26+09:00,-0.0008116883116883189,0,1,False,50~60%
2026-09-02,067830,세이브존I&C보통주,2365.0,0.5344803019550134,상승,149,Logistic Regression,0.5800171547236399,2026-09-03T22:55:26+09:00,0.014799154334038,1,1,True,50~60%
2026-09-02,226320,잇츠한불보통주,10810.0,0.5344585369859177,상승,150,Logistic Regression,0.5800171547236399,2026-09-03T22:55:26+09:00,-0.018501387604070274,0,1,False,50~60%
2026-09-02,005850,에스엘보통주,50100.0,0.5343544574813515,상승,151,Logistic Regression,0.5800171547236399,2026-09-03T22:55:26+09:00,0.02594810379241519,1,1,True,50~60%
2026-09-02,058430,포스코스틸리온보통주,4530.0,0.5342997897772754,상승,152,Logistic Regression,0.5800171547236399,2026-09-03T22:55:26+09:00,0.028697571743929284,1,1,True,50~60%
2026-09-02,181710,NHN보통주,68000.0,0.5341859152066052,상승,153,Logistic Regression,0.5800171547236399,2026-09-03T22:55:26+09:00,0.05147058823529416,1,1,True,50~60%
2026-09-02,100090,SK오션플랜트보통주,12000.0,0.5341637150484067,상승,154,Logistic Regression,0.5800171547236399,2026-09-03T22:55:26+09:00,0.15500000000000003,1,1,True,50~60%
2026-09-02,017800,현대엘리베이터보통주,72800.0,0.5341224628993082,상승,155,Logistic Regression,0.5800171547236399,2026-09-03T22:55:26+09:00,0.028846153846153744,1,1,True,50~60%
2026-09-02,066570,LG전자보통주,200500.0,0.5340660482598103,상승,156,Logistic Regression,0.5800171547236399,2026-09-03T22:55:26+09:00,0.004987531172069737,1,1,True,50~60%
2026-09-02,018880,한온시스템보통주,3405.0,0.5340445361016284,상승,157,Logistic Regression,0.5800171547236399,2026-09-03T22:55:26+09:00,0.03524229074889873,1,1,True,50~60%
2026-09-02,130660,한전산업개발보통주,11860.0,0.5340414428281325,상승,158,Logistic Regression,0.5800171547236399,2026-09-03T22:55:26+09:00,0.01180438448566612,1,1,True,50~60%
2026-09-02,035420,NAVER보통주,209000.0,0.5340401389340582,상승,159,Logistic Regression,0.5800171547236399,2026-09-03T22:55:26+09:00,0.021531100478468845,1,1,True,50~60%
2026-09-02,378850,화승알앤에이보통주,2945.0,0.5340401256609922,상승,160,Logistic Regression,0.5800171547236399,2026-09-03T22:55:26+09:00,0.015280135823429575,1,1,True,50~60%
2026-09-02,015760,한국전력공사보통주,31250.0,0.5339982204084369,상승,161,Logistic Regression,0.5800171547236399,2026-09-03T22:55:26+09:00,0.028799999999999937,1,1,True,50~60%
2026-09-02,161390,한국타이어앤테크놀로지보통주,65600.0,0.5339610355833075,상승,162,Logistic Regression,0.5800171547236399,2026-09-03T22:55:26+09:00,-0.0030487804878048808,0,1,False,50~60%
2026-09-02,012205,계양전기1우선주,5300.0,0.5339539374746259,상승,163,Logistic Regression,0.5800171547236399,2026-09-03T22:55:26+09:00,-0.015094339622641506,0,1,False,50~60%
2026-09-02,005490,포스코홀딩스보통주,330000.0,0.533881820714844,상승,164,Logistic Regression,0.5800171547236399,2026-09-03T22:55:26+09:00,0.021212121212121238,1,1,True,50~60%
2026-09-02,100840,SNT에너지보통주,31350.0,0.5338231825908746,상승,165,Logistic Regression,0.5800171547236399,2026-09-03T22:55:26+09:00,0.04306220095693769,1,1,True,50~60%
2026-09-02,003555,LG1우선주,70400.0,0.5338121697699241,상승,166,Logistic Regression,0.5800171547236399,2026-09-03T22:55:26+09:00,0.008522727272727293,1,1,True,50~60%
2026-09-02,031430,신세계인터내셔날보통주,10430.0,0.5337946925819923,상승,167,Logistic Regression,0.5800171547236399,2026-09-03T22:55:26+09:00,-0.0019175455417066445,0,1,False,50~60%
2026-09-02,011070,LG이노텍보통주,567000.0,0.5337900895892096,상승,168,Logistic Regression,0.5800171547236399,2026-09-03T22:55:26+09:00,-0.00881834215167554,0,1,False,50~60%
2026-09-02,028260,삼성물산보통주,373000.0,0.533716916442452,상승,169,Logistic Regression,0.5800171547236399,2026-09-03T22:55:26+09:00,-0.01608579088471851,0,1,False,50~60%
2026-09-02,005690,파미셀보통주,10550.0,0.5336892786220356,상승,170,Logistic Regression,0.5800171547236399,2026-09-03T22:55:26+09:00,-0.004739336492891044,0,1,False,50~60%
2026-09-02,004000,롯데정밀화학보통주,45950.0,0.5336366244096902,상승,171,Logistic Regression,0.5800171547236399,2026-09-03T22:55:26+09:00,-0.005440696409140355,0,1,False,50~60%
2026-09-02,035720,카카오보통주,35100.0,0.5336338871719454,상승,172,Logistic Regression,0.5800171547236399,2026-09-03T22:55:26+09:00,0.031339031339031376,1,1,True,50~60%
2026-09-02,025620,차AI헬스케어보통주,4780.0,0.5335900384073066,상승,173,Logistic Regression,0.5800171547236399,2026-09-03T22:55:26+09:00,0.004184100418409997,1,1,True,50~60%
2026-09-02,069960,현대백화점보통주,92700.0,0.5335519037281503,상승,174,Logistic Regression,0.5800171547236399,2026-09-03T22:55:26+09:00,0.03775620280474645,1,1,True,50~60%
2026-09-02,000490,대동보통주,7950.0,0.5335487029990583,상승,175,Logistic Regression,0.5800171547236399,2026-09-03T22:55:26+09:00,0.05660377358490565,1,1,True,50~60%
2026-09-02,285130,SK케미칼보통주,52200.0,0.5334947759204376,상승,176,Logistic Regression,0.5800171547236399,2026-09-03T22:55:26+09:00,0.05747126436781613,1,1,True,50~60%
2026-09-02,001200,유진투자증권보통주,4300.0,0.5334720966781963,상승,177,Logistic Regression,0.5800171547236399,2026-09-03T22:55:26+09:00,0.012790697674418539,1,1,True,50~60%
2026-09-02,000810,삼성화재해상보험보통주,657000.0,0.5334510364717282,상승,178,Logistic Regression,0.5800171547236399,2026-09-03T22:55:26+09:00,0.009132420091324311,1,1,True,50~60%
2026-09-02,030610,교보증권보통주,10000.0,0.5334144485437754,상승,179,Logistic Regression,0.5800171547236399,2026-09-03T22:55:26+09:00,0.010000000000000009,1,1,True,50~60%
2026-09-02,37550L,DL이앤씨2우선주(전환),45650.0,0.5333918407037301,상승,180,Logistic Regression,0.5800171547236399,2026-09-03T22:55:26+09:00,0.05476451259583781,1,1,True,50~60%
2026-09-02,336370,솔루스첨단소재보통주,7500.0,0.533376211391589,상승,181,Logistic Regression,0.5800171547236399,2026-09-03T22:55:26+09:00,-0.00666666666666671,0,1,False,50~60%
2026-09-02,112610,씨에스윈드보통주,45550.0,0.5331934089105199,상승,182,Logistic Regression,0.5800171547236399,2026-09-03T22:55:26+09:00,0.03073545554335899,1,1,True,50~60%
2026-09-02,017860,DS단석보통주,11440.0,0.533175062131715,상승,183,Logistic Regression,0.5800171547236399,2026-09-03T22:55:26+09:00,0.029720279720279796,1,1,True,50~60%
2026-09-02,123690,한국화장품보통주,6310.0,0.5331164254995345,상승,184,Logistic Regression,0.5800171547236399,2026-09-03T22:55:26+09:00,0.004754358161648264,1,1,True,50~60%
2026-09-02,047050,포스코인터내셔널보통주,53200.0,0.533019831570239,상승,185,Logistic Regression,0.5800171547236399,2026-09-03T22:55:26+09:00,0.02819548872180455,1,1,True,50~60%
2026-09-02,001340,피케이씨보통주,4990.0,0.5329517545324989,상승,186,Logistic Regression,0.5800171547236399,2026-09-03T22:55:26+09:00,0.022044088176352616,1,1,True,50~60%
2026-09-02,010690,화신보통주,7650.0,0.5329154464335804,상승,187,Logistic Regression,0.5800171547236399,2026-09-03T22:55:26+09:00,0.013071895424836555,1,1,True,50~60%
2026-09-02,051900,LG생활건강보통주,297000.0,0.532907393191945,상승,188,Logistic Regression,0.5800171547236399,2026-09-03T22:55:26+09:00,-0.010101010101010055,0,1,False,50~60%
2026-09-02,001510,SK증권보통주,2430.0,0.532891434661114,상승,189,Logistic Regression,0.5800171547236399,2026-09-03T22:55:26+09:00,0.0,0,1,False,50~60%
2026-09-02,005810,풍산홀딩스보통주,36950.0,0.5328610052700161,상승,190,Logistic Regression,0.5800171547236399,2026-09-03T22:55:26+09:00,0.004059539918809252,1,1,True,50~60%
2026-09-02,004840,디알비동일보통주,4085.0,0.5328199522088007,상승,191,Logistic Regression,0.5800171547236399,2026-09-03T22:55:26+09:00,-0.001223990208078285,0,1,False,50~60%
2026-09-02,000725,현대건설1우선주,51700.0,0.5327899170412653,상승,192,Logistic Regression,0.5800171547236399,2026-09-03T22:55:26+09:00,0.025145067698259194,1,1,True,50~60%
2026-09-02,004440,삼일씨엔에스보통주,5130.0,0.5327890285418678,상승,193,Logistic Regression,0.5800171547236399,2026-09-03T22:55:26+09:00,0.050682261208577106,1,1,True,50~60%
2026-09-02,016360,삼성증권보통주,85200.0,0.5327386437427587,상승,194,Logistic Regression,0.5800171547236399,2026-09-03T22:55:26+09:00,0.018779342723004744,1,1,True,50~60%
2026-09-02,011700,한신기계공업보통주,2320.0,0.5326875809340123,상승,195,Logistic Regression,0.5800171547236399,2026-09-03T22:55:26+09:00,0.0,0,1,False,50~60%
2026-09-02,00680K,미래에셋증권2우선주(신형),10800.0,0.5326670113945164,상승,196,Logistic Regression,0.5800171547236399,2026-09-03T22:55:26+09:00,0.0092592592592593,1,1,True,50~60%
2026-09-02,092230,KPX홀딩스보통주,98900.0,0.5326480509467508,상승,197,Logistic Regression,0.5800171547236399,2026-09-03T22:55:26+09:00,-0.0030333670374115274,0,1,False,50~60%
2026-09-02,00279K,아모레퍼시픽홀딩스3우선주(전환),21750.0,0.5326356546450562,상승,198,Logistic Regression,0.5800171547236399,2026-09-03T22:55:26+09:00,-0.011494252873563204,0,1,False,50~60%
2026-09-02,194370,제이에스코퍼레이션보통주,13150.0,0.5325795145137636,상승,199,Logistic Regression,0.5800171547236399,2026-09-03T22:55:26+09:00,-0.0038022813688213253,0,1,False,50~60%
2026-09-02,064960,SNT모티브보통주,25700.0,0.5325637746869861,상승,200,Logistic Regression,0.5800171547236399,2026-09-03T22:55:26+09:00,0.021400778210116655,1,1,True,50~60%
2026-09-02,002020,코오롱보통주,25100.0,0.5324109997148907,상승,201,Logistic Regression,0.5800171547236399,2026-09-03T22:55:26+09:00,0.01195219123505975,1,1,True,50~60%
2026-09-02,006090,사조오양보통주,9040.0,0.532381781118379,상승,202,Logistic Regression,0.5800171547236399,2026-09-03T22:55:26+09:00,-0.007743362831858391,0,1,False,50~60%
2026-09-02,326030,에스케이바이오팜보통주,86300.0,0.5323742957748518,상승,203,Logistic Regression,0.5800171547236399,2026-09-03T22:55:26+09:00,0.0034762456546928444,1,1,True,50~60%
2026-09-02,004020,현대제철 보통주,29900.0,0.5323298722105517,상승,204,Logistic Regression,0.5800171547236399,2026-09-03T22:55:26+09:00,0.05351170568561869,1,1,True,50~60%
2026-09-02,298000,효성화학보통주,56000.0,0.5322889163628852,상승,205,Logistic Regression,0.5800171547236399,2026-09-03T22:55:26+09:00,0.0,0,1,False,50~60%
2026-09-02,000040,KR모터스보통주,1430.0,0.5322871708481749,상승,206,Logistic Regression,0.5800171547236399,2026-09-03T22:55:26+09:00,-0.08391608391608396,0,1,False,50~60%
2026-09-02,120110,코오롱인더스트리보통주,56300.0,0.5322845799060116,상승,207,Logistic Regression,0.5800171547236399,2026-09-03T22:55:26+09:00,-0.008880994671403242,0,1,False,50~60%
2026-09-02,090430,아모레퍼시픽 보통주,142300.0,0.5321791889240465,상승,208,Logistic Regression,0.5800171547236399,2026-09-03T22:55:26+09:00,0.007027406886858767,1,1,True,50~60%
2026-09-02,009415,태영건설우선주,6300.0,0.5321769002735693,상승,209,Logistic Regression,0.5800171547236399,2026-09-03T22:55:26+09:00,0.023809523809523725,1,1,True,50~60%
2026-09-02,051910,LG화학보통주,269000.0,0.5321206869567421,상승,210,Logistic Regression,0.5800171547236399,2026-09-03T22:55:26+09:00,0.048327137546468446,1,1,True,50~60%
2026-09-02,013870,지엠비코리아보통주,3860.0,0.5321136491905215,상승,211,Logistic Regression,0.5800171547236399,2026-09-03T22:55:26+09:00,-0.0038860103626943143,0,1,False,50~60%
2026-09-02,001940,KISCO홀딩스보통주,27250.0,0.5320346282342081,상승,212,Logistic Regression,0.5800171547236399,2026-09-03T22:55:26+09:00,-0.0018348623853210455,0,1,False,50~60%
2026-09-02,001250,지에스글로벌보통주,2605.0,0.5319487767132769,상승,213,Logistic Regression,0.5800171547236399,2026-09-03T22:55:26+09:00,0.02111324376199608,1,1,True,50~60%
2026-09-02,241560,두산밥캣보통주,60200.0,0.5319255246373795,상승,214,Logistic Regression,0.5800171547236399,2026-09-03T22:55:26+09:00,0.04318936877076407,1,1,True,50~60%
2026-09-02,017810,풀무원보통주,9610.0,0.5319032013091085,상승,215,Logistic Regression,0.5800171547236399,2026-09-03T22:55:26+09:00,-0.008324661810613976,0,1,False,50~60%
2026-09-02,004890,동일산업보통주,36050.0,0.5319030081714458,상승,216,Logistic Regression,0.5800171547236399,2026-09-03T22:55:26+09:00,0.015256588072122046,1,1,True,50~60%
2026-09-02,007815,코리아써키트1우선주,18610.0,0.5318903972486777,상승,217,Logistic Regression,0.5800171547236399,2026-09-03T22:55:26+09:00,-0.022031166039763517,0,1,False,50~60%
2026-09-02,002790,아모레퍼시픽홀딩스보통주,26400.0,0.5318297850941753,상승,218,Logistic Regression,0.5800171547236399,2026-09-03T22:55:26+09:00,0.0,0,1,False,50~60%
2026-09-02,016880,웅진보통주,2035.0,0.5317889005971146,상승,219,Logistic Regression,0.5800171547236399,2026-09-03T22:55:26+09:00,-0.03685503685503688,0,1,False,50~60%
2026-09-02,268280,미원스페셜티케미칼보통주,129900.0,0.5317802166955341,상승,220,Logistic Regression,0.5800171547236399,2026-09-03T22:55:26+09:00,0.00615858352578913,1,1,True,50~60%
2026-09-02,012690,모나리자보통주,1483.0,0.5317681783933617,상승,221,Logistic Regression,0.5800171547236399,2026-09-03T22:55:26+09:00,0.014160485502360043,1,1,True,50~60%
2026-09-02,010100,한국무브넥스보통주,3530.0,0.5317656780094149,상승,222,Logistic Regression,0.5800171547236399,2026-09-03T22:55:26+09:00,0.014164305949008416,1,1,True,50~60%
2026-09-02,010130,고려아연보통주,1216000.0,0.531761919803605,상승,223,Logistic Regression,0.5800171547236399,2026-09-03T22:55:26+09:00,0.004934210526315708,1,1,True,50~60%
2026-09-02,001430,세아베스틸지주보통주,40200.0,0.5317595033019085,상승,224,Logistic Regression,0.5800171547236399,2026-09-03T22:55:26+09:00,0.05348258706467668,1,1,True,50~60%
2026-09-02,004980,성신양회보통주,8330.0,0.5317069930297552,상승,225,Logistic Regression,0.5800171547236399,2026-09-03T22:55:26+09:00,0.008403361344537785,1,1,True,50~60%
2026-09-02,051600,한전KPS 보통주,44350.0,0.5316381382125218,상승,226,Logistic Regression,0.5800171547236399,2026-09-03T22:55:26+09:00,0.03269447576099216,1,1,True,50~60%
2026-09-02,000227,유유제약2우선주(신형),7390.0,0.5316351155305594,상승,227,Logistic Regression,0.5800171547236399,2026-09-03T22:55:26+09:00,0.025710419485791558,1,1,True,50~60%
2026-09-02,011200,에이치엠엠보통주,20800.0,0.5315924799966467,상승,228,Logistic Regression,0.5800171547236399,2026-09-03T22:55:26+09:00,0.012019230769230838,1,1,True,50~60%
2026-09-02,003535,한화투자증권1우선주,6640.0,0.531591407636995,상승,229,Logistic Regression,0.5800171547236399,2026-09-03T22:55:26+09:00,0.02108433734939763,1,1,True,50~60%
2026-09-02,019180,티에이치엔보통주,5100.0,0.5315655004287433,상승,230,Logistic Regression,0.5800171547236399,2026-09-03T22:55:26+09:00,0.025490196078431282,1,1,True,50~60%
2026-09-02,004360,세방보통주,13300.0,0.5314986513854019,상승,231,Logistic Regression,0.5800171547236399,2026-09-03T22:55:26+09:00,0.008270676691729317,1,1,True,50~60%
2026-09-02,005935,삼성전자1우선주,185500.0,0.5314648056323978,상승,232,Logistic Regression,0.5800171547236399,2026-09-03T22:55:26+09:00,0.03288409703504036,1,1,True,50~60%
2026-09-02,002380,주식회사케이씨씨,479500.0,0.5314309430380061,상승,233,Logistic Regression,0.5800171547236399,2026-09-03T22:55:26+09:00,0.005213764337852034,1,1,True,50~60%
2026-09-02,027740,마니커보통주,1504.0,0.5313864600075763,상승,234,Logistic Regression,0.5800171547236399,2026-09-03T22:55:26+09:00,0.030585106382978733,1,1,True,50~60%
2026-09-02,034120,에스비에스보통주,12180.0,0.5313730430560992,상승,235,Logistic Regression,0.5800171547236399,2026-09-03T22:55:26+09:00,-0.0024630541871921707,0,1,False,50~60%
2026-09-02,084670,동양고속보통주,23700.0,0.5313500865092222,상승,236,Logistic Regression,0.5800171547236399,2026-09-03T22:55:26+09:00,0.00421940928270037,1,1,True,50~60%
2026-09-02,090350,노루페인트 보통주,7930.0,0.5312869115067173,상승,237,Logistic Regression,0.5800171547236399,2026-09-03T22:55:26+09:00,0.013871374527112179,1,1,True,50~60%
2026-09-02,037710,광주신세계보통주,35700.0,0.5312794654150798,상승,238,Logistic Regression,0.5800171547236399,2026-09-03T22:55:26+09:00,-0.007002801120448154,0,1,False,50~60%
2026-09-02,0126Z0,삼성에피스홀딩스보통주,364000.0,0.5312591369864128,상승,239,Logistic Regression,0.5800171547236399,2026-09-03T22:55:26+09:00,-0.02197802197802201,0,1,False,50~60%
2026-09-02,302440,에스케이바이오사이언스보통주,37450.0,0.5312531572869132,상승,240,Logistic Regression,0.5800171547236399,2026-09-03T22:55:26+09:00,0.012016021361815676,1,1,True,50~60%
2026-09-02,005960,동부건설보통주,7300.0,0.5312343425479578,상승,241,Logistic Regression,0.5800171547236399,2026-09-03T22:55:26+09:00,0.03013698630136985,1,1,True,50~60%
2026-09-02,033530,에스제이지세종보통주,6830.0,0.5311858502002691,상승,242,Logistic Regression,0.5800171547236399,2026-09-03T22:55:26+09:00,0.02489019033674955,1,1,True,50~60%
2026-09-02,001270,부국증권보통주,53700.0,0.5311471326328876,상승,243,Logistic Regression,0.5800171547236399,2026-09-03T22:55:26+09:00,-0.029795158286778367,0,1,False,50~60%
2026-09-02,000320,노루홀딩스보통주,16830.0,0.5309719729694512,상승,244,Logistic Regression,0.5800171547236399,2026-09-03T22:55:26+09:00,0.015448603683897888,1,1,True,50~60%
2026-09-02,029530,신도리코보통주,40150.0,0.5309703208457349,상승,245,Logistic Regression,0.5800171547236399,2026-09-03T22:55:26+09:00,-0.0037359900373599153,0,1,False,50~60%
2026-09-02,483650,달바글로벌보통주,202000.0,0.5309228260179307,상승,246,Logistic Regression,0.5800171547236399,2026-09-03T22:55:26+09:00,-0.056435643564356486,0,1,False,50~60%
2026-09-02,007120,미래아이앤지보통주,1172.0,0.5309158004033874,상승,247,Logistic Regression,0.5800171547236399,2026-09-03T22:55:26+09:00,-0.0025597269624573205,0,1,False,50~60%
2026-09-02,007810,코리아써키트보통주,57300.0,0.5309112421027887,상승,248,Logistic Regression,0.5800171547236399,2026-09-03T22:55:26+09:00,-0.10994764397905754,0,1,False,50~60%
2026-09-02,001465,BYC1우선주,27050.0,0.5308984899901424,상승,249,Logistic Regression,0.5800171547236399,2026-09-03T22:55:26+09:00,0.001848428835489857,1,1,True,50~60%
2026-09-02,003570,SNT다이내믹스보통주,28150.0,0.5308731780265157,상승,250,Logistic Regression,0.5800171547236399,2026-09-03T22:55:26+09:00,0.001776198934280604,1,1,True,50~60%
2026-09-02,005750,대림바스보통주,4665.0,0.5308090739623446,상승,251,Logistic Regression,0.5800171547236399,2026-09-03T22:55:26+09:00,0.015005359056806,1,1,True,50~60%
2026-09-02,286940,롯데이노베이트보통주,17810.0,0.5307643499772444,상승,252,Logistic Regression,0.5800171547236399,2026-09-03T22:55:26+09:00,0.05053340819764185,1,1,True,50~60%
2026-09-02,001500,현대차증권보통주,7840.0,0.5307450600541167,상승,253,Logistic Regression,0.5800171547236399,2026-09-03T22:55:26+09:00,0.010204081632652962,1,1,True,50~60%
2026-09-02,383800,엘엑스홀딩스보통주,8080.0,0.5307370638003597,상승,254,Logistic Regression,0.5800171547236399,2026-09-03T22:55:26+09:00,0.013613861386138515,1,1,True,50~60%
2026-09-02,066970,엘앤에프보통주,124700.0,0.5307162769852894,상승,255,Logistic Regression,0.5800171547236399,2026-09-03T22:55:26+09:00,-0.027265437048917374,0,1,False,50~60%
2026-09-02,000400,롯데손해보험보통주,2090.0,0.5306770329076949,상승,256,Logistic Regression,0.5800171547236399,2026-09-03T22:55:26+09:00,-0.019138755980861233,0,1,False,50~60%
2026-09-02,244920,에이플러스에셋보통주,13100.0,0.5306661182550214,상승,257,Logistic Regression,0.5800171547236399,2026-09-03T22:55:26+09:00,0.06564885496183215,1,1,True,50~60%
2026-09-02,443060,에이치디현대마린솔루션보통주,199000.0,0.5306235095025333,상승,258,Logistic Regression,0.5800171547236399,2026-09-03T22:55:26+09:00,0.057788944723618174,1,1,True,50~60%
2026-09-02,38380K,엘엑스홀딩스1우선주,7360.0,0.5306203875389446,상승,259,Logistic Regression,0.5800171547236399,2026-09-03T22:55:26+09:00,0.032608695652173836,1,1,True,50~60%
2026-09-02,002320,한진보통주,14730.0,0.5304884560046738,상승,260,Logistic Regression,0.5800171547236399,2026-09-03T22:55:26+09:00,0.00950441276306857,1,1,True,50~60%
2026-09-02,377300,카카오페이보통주,44750.0,0.5304819483908789,상승,261,Logistic Regression,0.5800171547236399,2026-09-03T22:55:26+09:00,0.056983240223463794,1,1,True,50~60%
2026-09-02,005880,대한해운보통주,2010.0,0.530451437526309,상승,262,Logistic Regression,0.5800171547236399,2026-09-03T22:55:26+09:00,0.04726368159203975,1,1,True,50~60%
2026-09-02,051905,LG생활건강1우선주,106200.0,0.5304279901124453,상승,263,Logistic Regression,0.5800171547236399,2026-09-03T22:55:26+09:00,-0.006591337099811634,0,1,False,50~60%
2026-09-02,004960,한신공영보통주,11570.0,0.5303570134919761,상승,264,Logistic Regression,0.5800171547236399,2026-09-03T22:55:26+09:00,0.08470181503889362,1,1,True,50~60%
2026-09-02,088350,한화생명보험보통주,5770.0,0.5303171796322668,상승,265,Logistic Regression,0.5800171547236399,2026-09-03T22:55:26+09:00,-0.005199306759098743,0,1,False,50~60%
2026-09-02,011780,금호석유화학보통주,127200.0,0.5303153075493704,상승,266,Logistic Regression,0.5800171547236399,2026-09-03T22:55:26+09:00,-0.010220125786163492,0,1,False,50~60%
2026-09-02,086790,하나금융지주보통주,134900.0,0.5302694674030887,상승,267,Logistic Regression,0.5800171547236399,2026-09-03T22:55:26+09:00,-0.004447739065974843,0,1,False,50~60%
2026-09-02,012750,에스원보통주,80200.0,0.530244000293826,상승,268,Logistic Regression,0.5800171547236399,2026-09-03T22:55:26+09:00,-0.012468827930174564,0,1,False,50~60%
2026-09-02,011420,갤럭시아에스엠보통주,1475.0,0.5302362884663926,상승,269,Logistic Regression,0.5800171547236399,2026-09-03T22:55:26+09:00,0.01627118644067793,1,1,True,50~60%
2026-09-02,456040,OCI보통주,78400.0,0.5302024807419041,상승,270,Logistic Regression,0.5800171547236399,2026-09-03T22:55:26+09:00,0.011479591836734748,1,1,True,50~60%
2026-09-02,003200,일신방직보통주,10570.0,0.5301903902580093,상승,271,Logistic Regression,0.5800171547236399,2026-09-03T22:55:26+09:00,-0.008514664143803197,0,1,False,50~60%
2026-09-02,089590,제주항공보통주,4395.0,0.5301883575759552,상승,272,Logistic Regression,0.5800171547236399,2026-09-03T22:55:26+09:00,0.07281001137656418,1,1,True,50~60%
2026-09-02,108670,엘엑스하우시스보통주,33900.0,0.5300521686153885,상승,273,Logistic Regression,0.5800171547236399,2026-09-03T22:55:26+09:00,0.05604719764011801,1,1,True,50~60%
2026-09-02,079900,전진건설로봇보통주,37350.0,0.5300483525928078,상승,274,Logistic Regression,0.5800171547236399,2026-09-03T22:55:26+09:00,0.11111111111111116,1,1,True,50~60%
2026-09-02,039130,하나투어보통주,32600.0,0.53002028564515,상승,275,Logistic Regression,0.5800171547236399,2026-09-03T22:55:26+09:00,-0.0030674846625766694,0,1,False,50~60%
2026-09-02,012320,경동인베스트보통주,46500.0,0.5300093002406396,상승,276,Logistic Regression,0.5800171547236399,2026-09-03T22:55:26+09:00,0.019354838709677358,1,1,True,50~60%
2026-09-02,375500,DL이앤씨보통주,70000.0,0.5299994057232325,상승,277,Logistic Regression,0.5800171547236399,2026-09-03T22:55:26+09:00,0.04857142857142849,1,1,True,50~60%
2026-09-02,016610,DB증권보통주,9800.0,0.5299796231280572,상승,278,Logistic Regression,0.5800171547236399,2026-09-03T22:55:26+09:00,0.015306122448979664,1,1,True,50~60%
2026-09-02,214330,금호에이치티보통주,6030.0,0.5299506809849049,상승,279,Logistic Regression,0.5800171547236399,2026-09-03T22:55:26+09:00,-0.01990049751243783,0,1,False,50~60%
2026-09-02,092220,케이이씨 보통주,2710.0,0.5299460169940687,상승,280,Logistic Regression,0.5800171547236399,2026-09-03T22:55:26+09:00,-0.040590405904059046,0,1,False,50~60%
2026-09-02,004720,팜젠사이언스보통주,3160.0,0.5299233400004342,상승,281,Logistic Regression,0.5800171547236399,2026-09-03T22:55:26+09:00,-0.02848101265822789,0,1,False,50~60%
2026-09-02,024720,콜마홀딩스보통주,10000.0,0.5299017796962416,상승,282,Logistic Regression,0.5800171547236399,2026-09-03T22:55:26+09:00,-0.0040000000000000036,0,1,False,50~60%
2026-09-02,000120,씨제이대한통운보통주,72000.0,0.5298606847378511,상승,283,Logistic Regression,0.5800171547236399,2026-09-03T22:55:26+09:00,0.019444444444444375,1,1,True,50~60%
2026-09-02,009070,KCTC 보통주,4020.0,0.5297976691758233,상승,284,Logistic Regression,0.5800171547236399,2026-09-03T22:55:26+09:00,0.029850746268656803,1,1,True,50~60%
2026-09-02,011330,유니켐보통주,4360.0,0.5297810661273786,상승,285,Logistic Regression,0.5800171547236399,2026-09-03T22:55:26+09:00,0.02752293577981657,1,1,True,50~60%
2026-09-02,032560,황금에스티보통주,5600.0,0.5297801322542084,상승,286,Logistic Regression,0.5800171547236399,2026-09-03T22:55:26+09:00,0.017857142857142794,1,1,True,50~60%
2026-09-02,023590,다우기술보통주,38550.0,0.529773389185319,상승,287,Logistic Regression,0.5800171547236399,2026-09-03T22:55:26+09:00,-0.006485084306095956,0,1,False,50~60%
2026-09-02,078000,텔코웨어 보통주,13470.0,0.5297667302733272,상승,288,Logistic Regression,0.5800171547236399,2026-09-03T22:55:26+09:00,-0.008166295471418006,0,1,False,50~60%
2026-09-02,018250,애경산업보통주,11750.0,0.5297629565684959,상승,289,Logistic Regression,0.5800171547236399,2026-09-03T22:55:26+09:00,-0.005106382978723456,0,1,False,50~60%
2026-09-02,278470,에이피알보통주,419000.0,0.5297561438449235,상승,290,Logistic Regression,0.5800171547236399,2026-09-03T22:55:26+09:00,-0.059665871121718395,0,1,False,50~60%
2026-09-02,011930,신성이엔지보통주,16400.0,0.5297433424351877,상승,291,Logistic Regression,0.5800171547236399,2026-09-03T22:55:26+09:00,-0.01768292682926831,0,1,False,50~60%
2026-09-02,097950,씨제이제일제당 주식회사 보통주,182600.0,0.5297345656657333,상승,292,Logistic Regression,0.5800171547236399,2026-09-03T22:55:26+09:00,0.004381161007666945,1,1,True,50~60%
2026-09-02,015230,대창단조보통주,6130.0,0.5297329390877745,상승,293,Logistic Regression,0.5800171547236399,2026-09-03T22:55:26+09:00,0.06362153344208799,1,1,True,50~60%
2026-09-02,001720,신영증권보통주,151000.0,0.5297201647129659,상승,294,Logistic Regression,0.5800171547236399,2026-09-03T22:55:26+09:00,-0.019867549668874163,0,1,False,50~60%
2026-09-02,071050,한국투자금융지주보통주,185400.0,0.529691786532706,상승,295,Logistic Regression,0.5800171547236399,2026-09-03T22:55:26+09:00,0.01833872707659112,1,1,True,50~60%
2026-09-02,012800,대창보통주,1160.0,0.5296741733276942,상승,296,Logistic Regression,0.5800171547236399,2026-09-03T22:55:26+09:00,0.012068965517241459,1,1,True,50~60%
2026-09-02,271940,일진하이솔루스보통주,10600.0,0.5296678546042479,상승,297,Logistic Regression,0.5800171547236399,2026-09-03T22:55:26+09:00,0.01132075471698113,1,1,True,50~60%
2026-09-02,003470,유안타증권보통주,4675.0,0.5296378888538003,상승,298,Logistic Regression,0.5800171547236399,2026-09-03T22:55:26+09:00,0.014973262032085488,1,1,True,50~60%
2026-09-02,001560,제일연마공업보통주,9080.0,0.5296212565785595,상승,299,Logistic Regression,0.5800171547236399,2026-09-03T22:55:26+09:00,0.022026431718061623,1,1,True,50~60%
2026-09-02,000910,유니온보통주,2930.0,0.529599685464815,상승,300,Logistic Regression,0.5800171547236399,2026-09-03T22:55:26+09:00,0.005119453924914641,1,1,True,50~60%
2026-09-02,017900,광전자보통주,7170.0,0.5295943527057748,상승,301,Logistic Regression,0.5800171547236399,2026-09-03T22:55:26+09:00,-0.013947001394700176,0,1,False,50~60%
2026-09-02,003540,대신증권보통주,26400.0,0.5295850911829357,상승,302,Logistic Regression,0.5800171547236399,2026-09-03T22:55:26+09:00,0.0037878787878788955,1,1,True,50~60%
2026-09-02,094800,미래에셋맵스리얼티부동산공모투자회사보통주,7220.0,0.5295815443224604,상승,303,Logistic Regression,0.5800171547236399,2026-09-03T22:55:26+09:00,-0.0041551246537395725,0,1,False,50~60%
2026-09-02,002200,한국수출포장공업보통주,2710.0,0.5295708233361847,상승,304,Logistic Regression,0.5800171547236399,2026-09-03T22:55:26+09:00,0.005535055350553542,1,1,True,50~60%
2026-09-02,002787,진흥기업2우선주(신형),2895.0,0.5295415986321792,상승,305,Logistic Regression,0.5800171547236399,2026-09-03T22:55:26+09:00,0.0,0,1,False,50~60%
2026-09-02,009240,한샘보통주,37750.0,0.5295093613297378,상승,306,Logistic Regression,0.5800171547236399,2026-09-03T22:55:26+09:00,-0.009271523178807972,0,1,False,50~60%
2026-09-02,036460,한국가스공사보통주,37000.0,0.5294974635019846,상승,307,Logistic Regression,0.5800171547236399,2026-09-03T22:55:26+09:00,-0.05135135135135138,0,1,False,50~60%
2026-09-02,900140,엘브이엠씨홀딩스보통주,1197.0,0.5294811437204715,상승,308,Logistic Regression,0.5800171547236399,2026-09-03T22:55:26+09:00,0.00835421888053478,1,1,True,50~60%
2026-09-02,021050,서원보통주,1115.0,0.5294145125111956,상승,309,Logistic Regression,0.5800171547236399,2026-09-03T22:55:26+09:00,0.00627802690582957,1,1,True,50~60%
2026-09-02,139480,이마트보통주,72900.0,0.5294097586094735,상승,310,Logistic Regression,0.5800171547236399,2026-09-03T22:55:26+09:00,0.008230452674897082,1,1,True,50~60%
2026-09-02,007160,사조산업보통주,50200.0,0.5293730975999252,상승,311,Logistic Regression,0.5800171547236399,2026-09-03T22:55:26+09:00,0.0019920318725099584,1,1,True,50~60%
2026-09-02,072710,농심홀딩스보통주,94200.0,0.5293320159985434,상승,312,Logistic Regression,0.5800171547236399,2026-09-03T22:55:26+09:00,0.0,0,1,False,50~60%
2026-09-02,039570,에이치디씨랩스보통주,7560.0,0.5293267466691972,상승,313,Logistic Regression,0.5800171547236399,2026-09-03T22:55:26+09:00,0.0,0,1,False,50~60%
2026-09-02,004830,덕성보통주,3310.0,0.5293094294603121,상승,314,Logistic Regression,0.5800171547236399,2026-09-03T22:55:26+09:00,0.0030211480362538623,1,1,True,50~60%
2026-09-02,041650,상신브레이크보통주,2225.0,0.529294846298233,상승,315,Logistic Regression,0.5800171547236399,2026-09-03T22:55:26+09:00,-0.008988764044943864,0,1,False,50~60%
2026-09-02,002030,아세아보통주,207500.0,0.5292934456717171,상승,316,Logistic Regression,0.5800171547236399,2026-09-03T22:55:26+09:00,-0.004819277108433773,0,1,False,50~60%
2026-09-02,000370,한화손해보험보통주,8580.0,0.5292729776332086,상승,317,Logistic Regression,0.5800171547236399,2026-09-03T22:55:26+09:00,-0.018648018648018683,0,1,False,50~60%
2026-09-02,001780,알루코 보통주,1592.0,0.5292727767212195,상승,318,Logistic Regression,0.5800171547236399,2026-09-03T22:55:26+09:00,0.0018844221105527303,1,1,True,50~60%
2026-09-02,001040,CJ보통주,130300.0,0.5292609171709054,상승,319,Logistic Regression,0.5800171547236399,2026-09-03T22:55:26+09:00,0.008442056792018482,1,1,True,50~60%
2026-09-02,35320K,대덕전자우선주,22700.0,0.5292528696917965,상승,320,Logistic Regression,0.5800171547236399,2026-09-03T22:55:26+09:00,-0.0770925110132159,0,1,False,50~60%
2026-09-02,000545,흥국화재해상보험1우선주,5510.0,0.529229167579558,상승,321,Logistic Regression,0.5800171547236399,2026-09-03T22:55:26+09:00,0.05263157894736836,1,1,True,50~60%
2026-09-02,003547,대신증권2우선주(신형),19500.0,0.5292253949343376,상승,322,Logistic Regression,0.5800171547236399,2026-09-03T22:55:26+09:00,0.0010256410256410664,1,1,True,50~60%
2026-09-02,005870,휴니드테크놀러지스보통주,4405.0,0.5292094257292348,상승,323,Logistic Regression,0.5800171547236399,2026-09-03T22:55:26+09:00,-0.023836549375709448,0,1,False,50~60%
2026-09-02,001755,한양증권1우선주,19290.0,0.5292072401583546,상승,324,Logistic Regression,0.5800171547236399,2026-09-03T22:55:26+09:00,-0.0005184033177811909,0,1,False,50~60%
2026-09-02,090355,노루페인트 1우선주,11870.0,0.5291879714518503,상승,325,Logistic Regression,0.5800171547236399,2026-09-03T22:55:26+09:00,-0.022746419545071617,0,1,False,50~60%
2026-09-02,004310,현대약품보통주,7570.0,0.5291782703674144,상승,326,Logistic Regression,0.5800171547236399,2026-09-03T22:55:26+09:00,0.05019815059445176,1,1,True,50~60%
2026-09-02,034220,LG디스플레이보통주,9010.0,0.5291739988606864,상승,327,Logistic Regression,0.5800171547236399,2026-09-03T22:55:26+09:00,0.013318534961154205,1,1,True,50~60%
2026-09-02,004490,세방전지보통주,65500.0,0.5291578254109028,상승,328,Logistic Regression,0.5800171547236399,2026-09-03T22:55:26+09:00,-0.016793893129770976,0,1,False,50~60%
2026-09-02,035150,백산보통주,10810.0,0.5291502059317497,상승,329,Logistic Regression,0.5800171547236399,2026-09-03T22:55:26+09:00,0.008325624421831712,1,1,True,50~60%
2026-09-02,012610,경인양행보통주,3165.0,0.529130018606037,상승,330,Logistic Regression,0.5800171547236399,2026-09-03T22:55:26+09:00,-0.0015797788309637184,0,1,False,50~60%
2026-09-02,033920,무학보통주,7780.0,0.5290885632401525,상승,331,Logistic Regression,0.5800171547236399,2026-09-03T22:55:26+09:00,-0.006426735218509005,0,1,False,50~60%
2026-09-02,102260,동성케미컬보통주,3700.0,0.5290797846884824,상승,332,Logistic Regression,0.5800171547236399,2026-09-03T22:55:26+09:00,0.016216216216216273,1,1,True,50~60%
2026-09-02,279570,케이뱅크보통주,5560.0,0.5290652960170396,상승,333,Logistic Regression,0.5800171547236399,2026-09-03T22:55:26+09:00,0.007194244604316502,1,1,True,50~60%
2026-09-02,085310,엔케이 보통주,9220.0,0.5290486134267764,상승,334,Logistic Regression,0.5800171547236399,2026-09-03T22:55:26+09:00,-0.015184381778741818,0,1,False,50~60%
2026-09-02,060980,HL홀딩스보통주,39650.0,0.5289939617267936,상승,335,Logistic Regression,0.5800171547236399,2026-09-03T22:55:26+09:00,0.01261034047919285,1,1,True,50~60%
2026-09-02,011150,CJ씨푸드보통주,2000.0,0.5289898364529307,상승,336,Logistic Regression,0.5800171547236399,2026-09-03T22:55:26+09:00,-0.0030000000000000027,0,1,False,50~60%
2026-09-02,134790,시디즈보통주,19880.0,0.5289481740711244,상승,337,Logistic Regression,0.5800171547236399,2026-09-03T22:55:26+09:00,-0.006539235412474809,0,1,False,50~60%
2026-09-02,126720,수산인더스트리보통주,20950.0,0.5289046894693195,상승,338,Logistic Regression,0.5800171547236399,2026-09-03T22:55:26+09:00,0.01193317422434359,1,1,True,50~60%
2026-09-02,069620,대웅제약보통주,124100.0,0.5288865974970075,상승,339,Logistic Regression,0.5800171547236399,2026-09-03T22:55:26+09:00,-0.06446414182111204,0,1,False,50~60%
2026-09-02,097955,씨제이제일제당 주식회사 1우선주,121600.0,0.528878192061912,상승,340,Logistic Regression,0.5800171547236399,2026-09-03T22:55:26+09:00,-0.003289473684210509,0,1,False,50~60%
2026-09-02,298690,에어부산보통주,1500.0,0.5288555551390419,상승,341,Logistic Regression,0.5800171547236399,2026-09-03T22:55:26+09:00,0.023333333333333428,1,1,True,50~60%
2026-09-02,003680,한성기업보통주,4730.0,0.5288507184038912,상승,342,Logistic Regression,0.5800171547236399,2026-09-03T22:55:26+09:00,0.019027484143763207,1,1,True,50~60%
2026-09-02,001795,대한제당1우선주,2170.0,0.5288283097315891,상승,343,Logistic Regression,0.5800171547236399,2026-09-03T22:55:26+09:00,0.009216589861751112,1,1,True,50~60%
2026-09-02,000240,한국앤컴퍼니보통주,24200.0,0.5287835421324518,상승,344,Logistic Regression,0.5800171547236399,2026-09-03T22:55:26+09:00,0.01446280991735538,1,1,True,50~60%
2026-09-02,071055,한국투자금융지주1우선주,149300.0,0.5287585807464166,상승,345,Logistic Regression,0.5800171547236399,2026-09-03T22:55:26+09:00,-0.01942397856664435,0,1,False,50~60%
2026-09-02,003620,KG모빌리티보통주,2600.0,0.5287539157312658,상승,346,Logistic Regression,0.5800171547236399,2026-09-03T22:55:26+09:00,0.013461538461538414,1,1,True,50~60%
2026-09-02,363280,티와이홀딩스보통주,1967.0,0.5287311829525817,상승,347,Logistic Regression,0.5800171547236399,2026-09-03T22:55:26+09:00,0.01677681748856119,1,1,True,50~60%
2026-09-02,381970,케이카보통주,6230.0,0.5287277327967421,상승,348,Logistic Regression,0.5800171547236399,2026-09-03T22:55:26+09:00,0.022471910112359605,1,1,True,50~60%
2026-09-02,126560,현대퓨처넷보통주,3380.0,0.5287258959875354,상승,349,Logistic Regression,0.5800171547236399,2026-09-03T22:55:26+09:00,0.0,0,1,False,50~60%
2026-09-02,002785,진흥기업1우선주(신형),1336.0,0.5286885934677589,상승,350,Logistic Regression,0.5800171547236399,2026-09-03T22:55:26+09:00,0.0,0,1,False,50~60%
2026-09-02,009290,광동제약보통주,6290.0,0.5286850588422513,상승,351,Logistic Regression,0.5800171547236399,2026-09-03T22:55:26+09:00,0.007949125596184325,1,1,True,50~60%
2026-09-02,037270,와이지플러스보통주,3120.0,0.5286530305231264,상승,352,Logistic Regression,0.5800171547236399,2026-09-03T22:55:26+09:00,0.01602564102564097,1,1,True,50~60%
2026-09-02,003520,영진약품보통주,1123.0,0.5286520030336023,상승,353,Logistic Regression,0.5800171547236399,2026-09-03T22:55:26+09:00,-0.006233303650934996,0,1,False,50~60%
2026-09-02,096770,SK이노베이션 보통주,131500.0,0.5286473950048827,상승,354,Logistic Regression,0.5800171547236399,2026-09-03T22:55:26+09:00,0.05171102661596949,1,1,True,50~60%
2026-09-02,192400,쿠쿠홀딩스보통주,27550.0,0.5286357962626675,상승,355,Logistic Regression,0.5800171547236399,2026-09-03T22:55:26+09:00,0.010889292196007316,1,1,True,50~60%
2026-09-02,008970,케이비아이동양철관보통주,1053.0,0.5286243021841549,상승,356,Logistic Regression,0.5800171547236399,2026-09-03T22:55:26+09:00,0.08072174738841409,1,1,True,50~60%
2026-09-02,003545,대신증권1우선주,20350.0,0.5286138808456606,상승,357,Logistic Regression,0.5800171547236399,2026-09-03T22:55:26+09:00,0.0,0,1,False,50~60%
2026-09-02,007070,지에스리테일보통주,25950.0,0.5286019435627753,상승,358,Logistic Regression,0.5800171547236399,2026-09-03T22:55:26+09:00,-0.021194605009633882,0,1,False,50~60%
2026-09-02,004380,삼익THK보통주,8000.0,0.5285926056361043,상승,359,Logistic Regression,0.5800171547236399,2026-09-03T22:55:26+09:00,0.012499999999999956,1,1,True,50~60%
2026-09-02,361610,SK아이이테크놀로지보통주,15850.0,0.528558111324167,상승,360,Logistic Regression,0.5800171547236399,2026-09-03T22:55:26+09:00,0.02712933753943214,1,1,True,50~60%
2026-09-02,011690,와이투솔루션보통주,3275.0,0.5285102225540385,상승,361,Logistic Regression,0.5800171547236399,2026-09-03T22:55:26+09:00,-0.007633587786259555,0,1,False,50~60%
2026-09-02,000760,이화산업보통주,13790.0,0.5285073707619443,상승,362,Logistic Regression,0.5800171547236399,2026-09-03T22:55:26+09:00,-0.013778100072516342,0,1,False,50~60%
2026-09-02,008730,율촌화학보통주,16010.0,0.528503881169503,상승,363,Logistic Regression,0.5800171547236399,2026-09-03T22:55:26+09:00,0.015615240474703418,1,1,True,50~60%
2026-09-02,005820,원림보통주,15360.0,0.5284948310178009,상승,364,Logistic Regression,0.5800171547236399,2026-09-03T22:55:26+09:00,-0.009765625,0,1,False,50~60%
2026-09-02,000540,흥국화재해상보험보통주,3610.0,0.5284784434575203,상승,365,Logistic Regression,0.5800171547236399,2026-09-03T22:55:26+09:00,0.023545706371191244,1,1,True,50~60%
2026-09-02,005440,현대지에프홀딩스보통주,11850.0,0.5284605254867185,상승,366,Logistic Regression,0.5800171547236399,2026-09-03T22:55:26+09:00,0.005063291139240533,1,1,True,50~60%
2026-09-02,000100,유한양행보통주,81300.0,0.5284189191653837,상승,367,Logistic Regression,0.5800171547236399,2026-09-03T22:55:26+09:00,0.0012300123001229846,1,1,True,50~60%
2026-09-02,020000,한섬보통주,15400.0,0.5284167053589508,상승,368,Logistic Regression,0.5800171547236399,2026-09-03T22:55:26+09:00,0.006493506493506551,1,1,True,50~60%
2026-09-02,137310,에스디바이오센서보통주,6030.0,0.5284125647917967,상승,369,Logistic Regression,0.5800171547236399,2026-09-03T22:55:26+09:00,0.021558872305140975,1,1,True,50~60%
2026-09-02,017390,서울도시가스보통주,56000.0,0.5283901074743869,상승,370,Logistic Regression,0.5800171547236399,2026-09-03T22:55:26+09:00,-0.008928571428571397,0,1,False,50~60%
2026-09-02,069260,티케이지휴켐스보통주,16160.0,0.5283835853226887,상승,371,Logistic Regression,0.5800171547236399,2026-09-03T22:55:26+09:00,0.00990099009900991,1,1,True,50~60%
2026-09-02,016800,퍼시스보통주,27400.0,0.5283773186473201,상승,372,Logistic Regression,0.5800171547236399,2026-09-03T22:55:26+09:00,-0.018248175182481785,0,1,False,50~60%
2026-09-02,122900,아이마켓코리아보통주,8100.0,0.5283631013628364,상승,373,Logistic Regression,0.5800171547236399,2026-09-03T22:55:26+09:00,0.0012345679012346622,1,1,True,50~60%
2026-09-02,123890,한국자산신탁보통주,2605.0,0.5283617504943071,상승,374,Logistic Regression,0.5800171547236399,2026-09-03T22:55:26+09:00,-0.0019193857965451588,0,1,False,50~60%
2026-09-02,081000,일진다이아몬드 보통주,9490.0,0.5282836056492304,상승,375,Logistic Regression,0.5800171547236399,2026-09-03T22:55:26+09:00,0.008429926238145313,1,1,True,50~60%
2026-09-02,001360,삼성제약,1331.0,0.5282624612853766,상승,376,Logistic Regression,0.5800171547236399,2026-09-03T22:55:26+09:00,-0.009015777610818954,0,1,False,50~60%
2026-09-02,090370,메타랩스보통주,1160.0,0.5282481203716147,상승,377,Logistic Regression,0.5800171547236399,2026-09-03T22:55:26+09:00,0.026724137931034564,1,1,True,50~60%
2026-09-02,004430,송원산업보통주,11330.0,0.5282337277339049,상승,378,Logistic Regression,0.5800171547236399,2026-09-03T22:55:26+09:00,0.05119152691968232,1,1,True,50~60%
2026-09-02,004990,롯데지주보통주,23950.0,0.5282303390505185,상승,379,Logistic Regression,0.5800171547236399,2026-09-03T22:55:26+09:00,0.03340292275574108,1,1,True,50~60%
2026-09-02,001390,KG케미칼보통주,4420.0,0.5282248165144657,상승,380,Logistic Regression,0.5800171547236399,2026-09-03T22:55:26+09:00,0.02262443438914019,1,1,True,50~60%
2026-09-02,039490,키움증권보통주,274000.0,0.5282096905190512,상승,381,Logistic Regression,0.5800171547236399,2026-09-03T22:55:26+09:00,-0.012773722627737238,0,1,False,50~60%
2026-09-02,000680,LS네트웍스보통주,2995.0,0.528207913498143,상승,382,Logistic Regression,0.5800171547236399,2026-09-03T22:55:26+09:00,0.011686143572620988,1,1,True,50~60%
2026-09-02,009460,한창제지보통주,2755.0,0.5281940680794585,상승,383,Logistic Regression,0.5800171547236399,2026-09-03T22:55:26+09:00,-0.005444646098003658,0,1,False,50~60%
2026-09-02,005300,롯데칠성음료보통주,97500.0,0.5281385411776021,상승,384,Logistic Regression,0.5800171547236399,2026-09-03T22:55:26+09:00,0.00820512820512831,1,1,True,50~60%
2026-09-02,489790,한화비전보통주,48900.0,0.5281253541428086,상승,385,Logistic Regression,0.5800171547236399,2026-09-03T22:55:26+09:00,0.010224948875255713,1,1,True,50~60%
2026-09-02,010400,우진아이엔에스보통주,4530.0,0.5281220146436987,상승,386,Logistic Regression,0.5800171547236399,2026-09-03T22:55:26+09:00,-0.008830022075055233,0,1,False,50~60%
2026-09-02,000070,삼양홀딩스보통주,60900.0,0.5281135033874109,상승,387,Logistic Regression,0.5800171547236399,2026-09-03T22:55:26+09:00,-0.006568144499178974,0,1,False,50~60%
2026-09-02,003720,삼영보통주,6080.0,0.5281078609061999,상승,388,Logistic Regression,0.5800171547236399,2026-09-03T22:55:26+09:00,-0.003289473684210509,0,1,False,50~60%
2026-09-02,475150,에스케이이터닉스보통주,50900.0,0.5280863400568893,상승,389,Logistic Regression,0.5800171547236399,2026-09-03T22:55:26+09:00,0.0216110019646365,1,1,True,50~60%
2026-09-02,030000,제일기획보통주,18880.0,0.5280515314281294,상승,390,Logistic Regression,0.5800171547236399,2026-09-03T22:55:26+09:00,0.0026483050847456724,1,1,True,50~60%
2026-09-02,023350,한국종합기술보통주,3970.0,0.5280389303910605,상승,391,Logistic Regression,0.5800171547236399,2026-09-03T22:55:26+09:00,0.05415617128463479,1,1,True,50~60%
2026-09-02,003550,LG보통주,118500.0,0.5280295984879094,상승,392,Logistic Regression,0.5800171547236399,2026-09-03T22:55:26+09:00,0.021940928270042237,1,1,True,50~60%
2026-09-02,294870,아이파크현대산업개발보통주,22800.0,0.527979745451951,상승,393,Logistic Regression,0.5800171547236399,2026-09-03T22:55:26+09:00,0.021929824561403466,1,1,True,50~60%
2026-09-02,068290,삼성출판사보통주,6340.0,0.5279592957994965,상승,394,Logistic Regression,0.5800171547236399,2026-09-03T22:55:26+09:00,-0.006309148264984188,0,1,False,50~60%
2026-09-02,033250,체시스보통주,4600.0,0.5279207158546844,상승,395,Logistic Regression,0.5800171547236399,2026-09-03T22:55:26+09:00,0.048913043478260976,1,1,True,50~60%
2026-09-02,064400,엘지씨엔에스보통주,74500.0,0.5279130512989182,상승,396,Logistic Regression,0.5800171547236399,2026-09-03T22:55:26+09:00,-0.005369127516778538,0,1,False,50~60%
2026-09-02,453340,현대그린푸드보통주,18690.0,0.5279024289702846,상승,397,Logistic Regression,0.5800171547236399,2026-09-03T22:55:26+09:00,0.005350454788657144,1,1,True,50~60%
2026-09-02,004910,조광페인트보통주,3550.0,0.5279021795995577,상승,398,Logistic Regression,0.5800171547236399,2026-09-03T22:55:26+09:00,-0.0028169014084507005,0,1,False,50~60%
2026-09-02,063160,종근당바이오보통주,13730.0,0.5278629214665006,상승,399,Logistic Regression,0.5800171547236399,2026-09-03T22:55:26+09:00,-0.006554989075018169,0,1,False,50~60%
2026-09-02,0030R0,대신밸류리츠위탁관리부동산투자회사보통주,3930.0,0.5278482973578366,상승,400,Logistic Regression,0.5800171547236399,2026-09-03T22:55:26+09:00,-0.0025445292620864812,0,1,False,50~60%
2026-09-02,032640,LG유플러스보통주,14890.0,0.527835736209685,상승,401,Logistic Regression,0.5800171547236399,2026-09-03T22:55:26+09:00,-0.008730691739422425,0,1,False,50~60%
2026-09-02,000105,유한양행1우선주,69300.0,0.5278273094758844,상승,402,Logistic Regression,0.5800171547236399,2026-09-03T22:55:26+09:00,0.008658008658008587,1,1,True,50~60%
2026-09-02,007860,서연보통주,7860.0,0.5278006235642302,상승,403,Logistic Regression,0.5800171547236399,2026-09-03T22:55:26+09:00,-0.012722646310432517,0,1,False,50~60%
2026-09-02,170900,동아에스티보통주,37100.0,0.527783212523287,상승,404,Logistic Regression,0.5800171547236399,2026-09-03T22:55:26+09:00,-0.0040431266846361336,0,1,False,50~60%
2026-09-02,002310,아세아제지보통주,8450.0,0.5277749419125577,상승,405,Logistic Regression,0.5800171547236399,2026-09-03T22:55:26+09:00,0.04615384615384621,1,1,True,50~60%
2026-09-02,028670,팬오션보통주,5510.0,0.5277729587774493,상승,406,Logistic Regression,0.5800171547236399,2026-09-03T22:55:26+09:00,0.08166969147005454,1,1,True,50~60%
2026-09-02,344820,케이씨씨글라스보통주,24950.0,0.5277690101594873,상승,407,Logistic Regression,0.5800171547236399,2026-09-03T22:55:26+09:00,0.004008016032064132,1,1,True,50~60%
2026-09-02,030210,다올투자증권보통주,3855.0,0.5277476595264909,상승,408,Logistic Regression,0.5800171547236399,2026-09-03T22:55:26+09:00,0.01945525291828787,1,1,True,50~60%
2026-09-02,012630,HDC보통주,22000.0,0.5276952279865321,상승,409,Logistic Regression,0.5800171547236399,2026-09-03T22:55:26+09:00,0.02954545454545454,1,1,True,50~60%
2026-09-02,007540,샘표보통주,43350.0,0.5276773978126158,상승,410,Logistic Regression,0.5800171547236399,2026-09-03T22:55:26+09:00,-0.008073817762399127,0,1,False,50~60%
2026-09-02,009810,MDS스피어보통주,1910.0,0.5276615719018828,상승,411,Logistic Regression,0.5800171547236399,2026-09-03T22:55:26+09:00,-0.0010471204188481353,0,1,False,50~60%
2026-09-02,090080,평화산업 주식회사 보통주,975.0,0.5276331096786796,상승,412,Logistic Regression,0.5800171547236399,2026-09-03T22:55:26+09:00,0.004102564102564044,1,1,True,50~60%
2026-09-02,004985,성신양회1우선주,8260.0,0.5276295787337947,상승,413,Logistic Regression,0.5800171547236399,2026-09-03T22:55:26+09:00,0.0556900726392251,1,1,True,50~60%
2026-09-02,003480,한진중공업홀딩스보통주,4700.0,0.5276246109862159,상승,414,Logistic Regression,0.5800171547236399,2026-09-03T22:55:26+09:00,0.008510638297872353,1,1,True,50~60%
2026-09-02,004540,깨끗한나라보통주,1210.0,0.5276079040615973,상승,415,Logistic Regression,0.5800171547236399,2026-09-03T22:55:26+09:00,0.012396694214876103,1,1,True,50~60%
2026-09-02,000390,에스피삼화보통주,6510.0,0.5276018055595564,상승,416,Logistic Regression,0.5800171547236399,2026-09-03T22:55:26+09:00,-0.015360983102918557,0,1,False,50~60%
2026-09-02,023450,주식회사동남합성,31450.0,0.5275708327683453,상승,417,Logistic Regression,0.5800171547236399,2026-09-03T22:55:26+09:00,0.004769475357710551,1,1,True,50~60%
2026-09-02,034830,한국토지신탁보통주,1159.0,0.5275681986330905,상승,418,Logistic Regression,0.5800171547236399,2026-09-03T22:55:26+09:00,0.021570319240724833,1,1,True,50~60%
2026-09-02,105840,우진보통주,12720.0,0.5275633192831595,상승,419,Logistic Regression,0.5800171547236399,2026-09-03T22:55:26+09:00,0.014150943396226356,1,1,True,50~60%
2026-09-02,024070,WISCOM보통주,1958.0,0.5275589445019359,상승,420,Logistic Regression,0.5800171547236399,2026-09-03T22:55:26+09:00,-0.010725229826353377,0,1,False,50~60%
2026-09-02,009150,삼성전기보통주,1400000.0,0.5275426095972511,상승,421,Logistic Regression,0.5800171547236399,2026-09-03T22:55:26+09:00,0.0007142857142856673,1,1,True,50~60%
2026-09-02,005965,동부건설1우선주,17100.0,0.5275119580863341,상승,422,Logistic Regression,0.5800171547236399,2026-09-03T22:55:26+09:00,-0.0017543859649122862,0,1,False,50~60%
2026-09-02,460850,동국씨엠보통주,5240.0,0.5275117461295981,상승,423,Logistic Regression,0.5800171547236399,2026-09-03T22:55:26+09:00,-0.003816793893129722,0,1,False,50~60%
2026-09-02,006060,화승인더스트리보통주,2475.0,0.5275114046134685,상승,424,Logistic Regression,0.5800171547236399,2026-09-03T22:55:26+09:00,-0.008080808080808133,0,1,False,50~60%
2026-09-02,129260,인터지스보통주,1900.0,0.5275059601817803,상승,425,Logistic Regression,0.5800171547236399,2026-09-03T22:55:26+09:00,0.007368421052631469,1,1,True,50~60%
2026-09-02,004365,세방1우선주,9360.0,0.5274410701192731,상승,426,Logistic Regression,0.5800171547236399,2026-09-03T22:55:26+09:00,0.0,0,1,False,50~60%
2026-09-02,071320,지역난방공사보통주,74300.0,0.5274160063628497,상승,427,Logistic Regression,0.5800171547236399,2026-09-03T22:55:26+09:00,0.01749663526244949,1,1,True,50~60%
2026-09-02,035250,강원랜드보통주,14600.0,0.5274159644210555,상승,428,Logistic Regression,0.5800171547236399,2026-09-03T22:55:26+09:00,0.010273972602739656,1,1,True,50~60%
2026-09-02,003090,대웅보통주,17450.0,0.5274092455553129,상승,429,Logistic Regression,0.5800171547236399,2026-09-03T22:55:26+09:00,-0.03381088825214895,0,1,False,50~60%
2026-09-02,089860,롯데렌탈보통주,50500.0,0.5273886279665904,상승,430,Logistic Regression,0.5800171547236399,2026-09-03T22:55:26+09:00,0.007920792079207928,1,1,True,50~60%
2026-09-02,001790,대한제당보통주,2885.0,0.5273630893731492,상승,431,Logistic Regression,0.5800171547236399,2026-09-03T22:55:26+09:00,0.008665511265164572,1,1,True,50~60%
2026-09-02,001120,LX인터내셔널보통주,39500.0,0.5273432837598662,상승,432,Logistic Regression,0.5800171547236399,2026-09-03T22:55:26+09:00,0.020253164556962133,1,1,True,50~60%
2026-09-02,029780,삼성카드 보통주,45400.0,0.5273307887601779,상승,433,Logistic Regression,0.5800171547236399,2026-09-03T22:55:26+09:00,0.016519823788546217,1,1,True,50~60%
2026-09-02,37550K,DL이앤씨1우선주,24400.0,0.527303415384442,상승,434,Logistic Regression,0.5800171547236399,2026-09-03T22:55:26+09:00,0.016393442622950838,1,1,True,50~60%
2026-09-02,000220,유유제약보통주,3880.0,0.5272868870201878,상승,435,Logistic Regression,0.5800171547236399,2026-09-03T22:55:26+09:00,-0.010309278350515427,0,1,False,50~60%
2026-09-02,003460,유화증권보통주,3030.0,0.5272504397347301,상승,436,Logistic Regression,0.5800171547236399,2026-09-03T22:55:26+09:00,0.011551155115511635,1,1,True,50~60%
2026-09-02,002140,고려산업보통주,2070.0,0.5272317241736851,상승,437,Logistic Regression,0.5800171547236399,2026-09-03T22:55:26+09:00,-0.004830917874396157,0,1,False,50~60%
2026-09-02,018670,SK가스보통주,230000.0,0.527171628934249,상승,438,Logistic Regression,0.5800171547236399,2026-09-03T22:55:26+09:00,0.03695652173913033,1,1,True,50~60%
2026-09-02,248070,솔루엠보통주,13090.0,0.5271411684818268,상승,439,Logistic Regression,0.5800171547236399,2026-09-03T22:55:26+09:00,-0.013750954927425507,0,1,False,50~60%
2026-09-02,004370,농심보통주,437500.0,0.5270292662317935,상승,440,Logistic Regression,0.5800171547236399,2026-09-03T22:55:26+09:00,-0.017142857142857126,0,1,False,50~60%
2026-09-02,026890,스틱인베스트먼트보통주,8350.0,0.5270235519155584,상승,441,Logistic Regression,0.5800171547236399,2026-09-03T22:55:26+09:00,-0.0023952095808382756,0,1,False,50~60%
2026-09-02,014440,영보화학보통주,4700.0,0.526980719387366,상승,442,Logistic Regression,0.5800171547236399,2026-09-03T22:55:26+09:00,0.0202127659574467,1,1,True,50~60%
2026-09-02,138930,BNK금융지주보통주,15140.0,0.5269654228672122,상승,443,Logistic Regression,0.5800171547236399,2026-09-03T22:55:26+09:00,0.01651254953764858,1,1,True,50~60%
2026-09-02,012200,계양전기보통주,3535.0,0.5269521038263341,상승,444,Logistic Regression,0.5800171547236399,2026-09-03T22:55:26+09:00,0.018387553041018467,1,1,True,50~60%
2026-09-02,100250,진양홀딩스보통주,3165.0,0.5269305441035964,상승,445,Logistic Regression,0.5800171547236399,2026-09-03T22:55:26+09:00,0.003159557661927437,1,1,True,50~60%
2026-09-02,001045,CJ1우선주,68000.0,0.5269097540519286,상승,446,Logistic Regression,0.5800171547236399,2026-09-03T22:55:26+09:00,0.013235294117647012,1,1,True,50~60%
2026-09-02,003475,유안타증권1우선주,4285.0,0.5268967877405036,상승,447,Logistic Regression,0.5800171547236399,2026-09-03T22:55:26+09:00,0.009334889148191472,1,1,True,50~60%
2026-09-02,003030,세아제강지주보통주,100200.0,0.5268940235980272,상승,448,Logistic Regression,0.5800171547236399,2026-09-03T22:55:26+09:00,0.027944111776447178,1,1,True,50~60%
2026-09-02,023960,에쓰씨엔지니어링보통주,1034.0,0.5268895857537472,상승,449,Logistic Regression,0.5800171547236399,2026-09-03T22:55:26+09:00,-0.004835589941972973,0,1,False,50~60%
2026-09-02,007700,F&F홀딩스,14250.0,0.5268835903911117,상승,450,Logistic Regression,0.5800171547236399,2026-09-03T22:55:26+09:00,-0.004210526315789442,0,1,False,50~60%
2026-09-02,004105,태양금속공업1우선주,3170.0,0.526876764958141,상승,451,Logistic Regression,0.5800171547236399,2026-09-03T22:55:26+09:00,0.02208201892744488,1,1,True,50~60%
2026-09-02,118000,메타케어보통주,1312.0,0.5268522362921806,상승,452,Logistic Regression,0.5800171547236399,2026-09-03T22:55:26+09:00,0.0022865853658535773,1,1,True,50~60%
2026-09-02,136490,선진보통주,10150.0,0.5268442051085451,상승,453,Logistic Regression,0.5800171547236399,2026-09-03T22:55:26+09:00,0.08275862068965512,1,1,True,50~60%
2026-09-02,013570,디와이보통주,4290.0,0.5268300545888682,상승,454,Logistic Regression,0.5800171547236399,2026-09-03T22:55:26+09:00,0.020979020979021046,1,1,True,50~60%
2026-09-02,003350,한국화장품제조보통주,13300.0,0.5268228393149252,상승,455,Logistic Regression,0.5800171547236399,2026-09-03T22:55:26+09:00,-0.041353383458646586,0,1,False,50~60%
2026-09-02,014285,금강공업1우선주,5670.0,0.5268058117568375,상승,456,Logistic Regression,0.5800171547236399,2026-09-03T22:55:26+09:00,-0.06349206349206349,0,1,False,50~60%
2026-09-02,003495,대한항공1우선주,21700.0,0.5267984500237823,상승,457,Logistic Regression,0.5800171547236399,2026-09-03T22:55:26+09:00,0.018433179723502224,1,1,True,50~60%
2026-09-02,195870,해성디에스보통주,51400.0,0.52677685540404,상승,458,Logistic Regression,0.5800171547236399,2026-09-03T22:55:26+09:00,-0.029182879377431914,0,1,False,50~60%
2026-09-02,001080,만호제강보통주,3980.0,0.5267595887157737,상승,459,Logistic Regression,0.5800171547236399,2026-09-03T22:55:26+09:00,0.007537688442211143,1,1,True,50~60%
2026-09-02,096760,JW홀딩스 보통주,4180.0,0.5267579191472583,상승,460,Logistic Regression,0.5800171547236399,2026-09-03T22:55:26+09:00,0.0,0,1,False,50~60%
2026-09-02,047400,유니온머티리얼보통주,934.0,0.5267501676117485,상승,461,Logistic Regression,0.5800171547236399,2026-09-03T22:55:26+09:00,-0.01927194860813708,0,1,False,50~60%
2026-09-02,372910,한컴라이프케어보통주,1827.0,0.5267365651569846,상승,462,Logistic Regression,0.5800171547236399,2026-09-03T22:55:26+09:00,0.02298850574712641,1,1,True,50~60%
2026-09-02,272450,진에어보통주,5740.0,0.5267045221306385,상승,463,Logistic Regression,0.5800171547236399,2026-09-03T22:55:26+09:00,0.06968641114982588,1,1,True,50~60%
2026-09-02,018500,동원모빌리티보통주,1447.0,0.5266891913289606,상승,464,Logistic Regression,0.5800171547236399,2026-09-03T22:55:26+09:00,-0.006219765031098778,0,1,False,50~60%
2026-09-02,002450,삼익악기보통주,1142.0,0.5266868404389192,상승,465,Logistic Regression,0.5800171547236399,2026-09-03T22:55:26+09:00,0.014886164623467701,1,1,True,50~60%
2026-09-02,036570,엔씨보통주,219000.0,0.5266523884850144,상승,466,Logistic Regression,0.5800171547236399,2026-09-03T22:55:26+09:00,0.013698630136986356,1,1,True,50~60%
2026-09-02,035510,신세계아이앤씨 보통주,13000.0,0.5266472179946983,상승,467,Logistic Regression,0.5800171547236399,2026-09-03T22:55:26+09:00,0.06615384615384623,1,1,True,50~60%
2026-09-02,000140,하이트진로홀딩스보통주,8050.0,0.5266423053832402,상승,468,Logistic Regression,0.5800171547236399,2026-09-03T22:55:26+09:00,-0.00248447204968949,0,1,False,50~60%
2026-09-02,009470,삼화전기보통주,22450.0,0.5266172527277333,상승,469,Logistic Regression,0.5800171547236399,2026-09-03T22:55:26+09:00,0.015590200445434244,1,1,True,50~60%
2026-09-02,003920,남양유업보통주,44000.0,0.526566825476884,상승,470,Logistic Regression,0.5800171547236399,2026-09-03T22:55:26+09:00,-0.013636363636363669,0,1,False,50~60%
2026-09-02,031820,아이티센씨티에스보통주,5840.0,0.5265368260675791,상승,471,Logistic Regression,0.5800171547236399,2026-09-03T22:55:26+09:00,-0.006849315068493178,0,1,False,50~60%
2026-09-02,105560,KB금융지주 보통주,169100.0,0.5265269240541148,상승,472,Logistic Regression,0.5800171547236399,2026-09-03T22:55:26+09:00,0.01714961561206385,1,1,True,50~60%
2026-09-02,114090,그랜드코리아레저보통주,9470.0,0.5264855843771192,상승,473,Logistic Regression,0.5800171547236399,2026-09-03T22:55:26+09:00,0.011615628299894487,1,1,True,50~60%
2026-09-02,000020,동화약품보통주,5160.0,0.5264755119466036,상승,474,Logistic Regression,0.5800171547236399,2026-09-03T22:55:26+09:00,0.009689922480620172,1,1,True,50~60%
2026-09-02,028100,동아지질보통주,17440.0,0.5264674561621988,상승,475,Logistic Regression,0.5800171547236399,2026-09-03T22:55:26+09:00,0.016055045871559592,1,1,True,50~60%
2026-09-02,002760,보락보통주,1017.0,0.5264674559468523,상승,476,Logistic Regression,0.5800171547236399,2026-09-03T22:55:26+09:00,0.0,0,1,False,50~60%
2026-09-02,000815,삼성화재해상보험1우선주,434000.0,0.5264474475504077,상승,477,Logistic Regression,0.5800171547236399,2026-09-03T22:55:26+09:00,-0.008064516129032251,0,1,False,50~60%
2026-09-02,023800,인지컨트롤스보통주,5400.0,0.5264372655815469,상승,478,Logistic Regression,0.5800171547236399,2026-09-03T22:55:26+09:00,-0.005555555555555536,0,1,False,50~60%
2026-09-02,008355,남선알미늄1우선주,7500.0,0.5264288489207362,상승,479,Logistic Regression,0.5800171547236399,2026-09-03T22:55:26+09:00,-0.029333333333333322,0,1,False,50~60%
2026-09-02,023150,MH에탄올보통주,4085.0,0.5264191092800242,상승,480,Logistic Regression,0.5800171547236399,2026-09-03T22:55:26+09:00,0.004895960832313362,1,1,True,50~60%
2026-09-02,001750,한양증권보통주,19500.0,0.5264049820406238,상승,481,Logistic Regression,0.5800171547236399,2026-09-03T22:55:26+09:00,-0.0035897435897436214,0,1,False,50~60%
2026-09-02,271560,오리온보통주,127500.0,0.5263905215628214,상승,482,Logistic Regression,0.5800171547236399,2026-09-03T22:55:26+09:00,-0.009411764705882342,0,1,False,50~60%
2026-09-02,353200,대덕전자보통주,108900.0,0.5263759687198681,상승,483,Logistic Regression,0.5800171547236399,2026-09-03T22:55:26+09:00,-0.08631772268135907,0,1,False,50~60%
2026-09-02,024110,중소기업은행보통주,20850.0,0.5263704182437497,상승,484,Logistic Regression,0.5800171547236399,2026-09-03T22:55:26+09:00,-0.007194244604316502,0,1,False,50~60%
2026-09-02,006220,제주은행보통주,10020.0,0.5263516665517161,상승,485,Logistic Regression,0.5800171547236399,2026-09-03T22:55:26+09:00,0.004990019960079861,1,1,True,50~60%
2026-09-02,009450,경동나비엔보통주,60300.0,0.5263459642133334,상승,486,Logistic Regression,0.5800171547236399,2026-09-03T22:55:26+09:00,0.011608623548922115,1,1,True,50~60%
2026-09-02,163560,동일고무벨트보통주,5600.0,0.5263270466050288,상승,487,Logistic Regression,0.5800171547236399,2026-09-03T22:55:26+09:00,0.016071428571428514,1,1,True,50~60%
2026-09-02,095720,웅진씽크빅 보통주,1269.0,0.526222964618937,상승,488,Logistic Regression,0.5800171547236399,2026-09-03T22:55:26+09:00,-0.0063041765169424835,0,1,False,50~60%
2026-09-02,003830,대한화섬보통주,114000.0,0.5261867247506572,상승,489,Logistic Regression,0.5800171547236399,2026-09-03T22:55:26+09:00,0.007017543859649145,1,1,True,50~60%
2026-09-02,248170,샘표식품보통주,23100.0,0.5261780980102676,상승,490,Logistic Regression,0.5800171547236399,2026-09-03T22:55:26+09:00,0.0043290043290042934,1,1,True,50~60%
2026-09-02,002820,선앤엘보통주,1697.0,0.526173949334172,상승,491,Logistic Regression,0.5800171547236399,2026-09-03T22:55:26+09:00,0.0023571007660576626,1,1,True,50~60%
2026-09-02,015890,태경산업보통주,4810.0,0.5261319560039496,상승,492,Logistic Regression,0.5800171547236399,2026-09-03T22:55:26+09:00,-0.0020790020790020236,0,1,False,50~60%
2026-09-02,109070,주성코퍼레이션보통주,1550.0,0.5261172683196721,상승,493,Logistic Regression,0.5800171547236399,2026-09-03T22:55:26+09:00,0.0,0,1,False,50~60%
2026-09-02,027410,BGF보통주,3860.0,0.5261100921363749,상승,494,Logistic Regression,0.5800171547236399,2026-09-03T22:55:26+09:00,0.006476683937823857,1,1,True,50~60%
2026-09-02,004150,한솔홀딩스보통주,3395.0,0.5260789742882359,상승,495,Logistic Regression,0.5800171547236399,2026-09-03T22:55:26+09:00,0.026509572901325384,1,1,True,50~60%
2026-09-02,003650,미창석유공업보통주,134800.0,0.526063332149082,상승,496,Logistic Regression,0.5800171547236399,2026-09-03T22:55:26+09:00,-0.009643916913946615,0,1,False,50~60%
2026-09-02,058650,세아홀딩스보통주,136900.0,0.5260608018569726,상승,497,Logistic Regression,0.5800171547236399,2026-09-03T22:55:26+09:00,-0.024105186267348477,0,1,False,50~60%
2026-09-02,025000,KPX케미칼보통주,54700.0,0.5260543155655872,상승,498,Logistic Regression,0.5800171547236399,2026-09-03T22:55:26+09:00,-0.005484460694698323,0,1,False,50~60%
2026-09-02,003850,보령보통주,8860.0,0.5260302304764388,상승,499,Logistic Regression,0.5800171547236399,2026-09-03T22:55:26+09:00,0.020316027088036037,1,1,True,50~60%
2026-09-02,005745,크라운해태홀딩스1우선주,5200.0,0.5260027389832159,상승,500,Logistic Regression,0.5800171547236399,2026-09-03T22:55:26+09:00,0.009615384615384581,1,1,True,50~60%
2026-09-02,207940,삼성바이오로직스보통주,1501000.0,0.5259725000076889,상승,501,Logistic Regression,0.5800171547236399,2026-09-03T22:55:26+09:00,-0.035976015989340415,0,1,False,50~60%
2026-09-02,001685,대상1우선주,14680.0,0.5259668386155795,상승,502,Logistic Regression,0.5800171547236399,2026-09-03T22:55:26+09:00,0.006811989100817373,1,1,True,50~60%
2026-09-02,128940,한미약품보통주,474000.0,0.5259655452312878,상승,503,Logistic Regression,0.5800171547236399,2026-09-03T22:55:26+09:00,-0.0010548523206751481,0,1,False,50~60%
2026-09-02,010580,에스엠벡셀보통주,1738.0,0.5259416518862999,상승,504,Logistic Regression,0.5800171547236399,2026-09-03T22:55:26+09:00,-0.02243958573072502,0,1,False,50~60%
2026-09-02,005945,엔에이치투자증권1우선주,23200.0,0.5259400787919726,상승,505,Logistic Regression,0.5800171547236399,2026-09-03T22:55:26+09:00,0.0,0,1,False,50~60%
2026-09-02,009180,한솔로지스틱스보통주,2790.0,0.5259182747855039,상승,506,Logistic Regression,0.5800171547236399,2026-09-03T22:55:26+09:00,0.0035842293906809264,1,1,True,50~60%
2026-09-02,005830,DB손해보험보통주,190900.0,0.5258719150811494,상승,507,Logistic Regression,0.5800171547236399,2026-09-03T22:55:26+09:00,0.02514405447878465,1,1,True,50~60%
2026-09-02,001515,SK증권1우선주,4300.0,0.5258668853395263,상승,508,Logistic Regression,0.5800171547236399,2026-09-03T22:55:26+09:00,-0.037209302325581395,0,1,False,50~60%
2026-09-02,006040,동원산업보통주,37800.0,0.5258345771378049,상승,509,Logistic Regression,0.5800171547236399,2026-09-03T22:55:26+09:00,0.007936507936507908,1,1,True,50~60%
2026-09-02,066575,LG전자1우선주,74300.0,0.5257862053600344,상승,510,Logistic Regression,0.5800171547236399,2026-09-03T22:55:26+09:00,0.006729475100942128,1,1,True,50~60%
2026-09-02,004080,신흥보통주,14090.0,0.5257766551472364,상승,511,Logistic Regression,0.5800171547236399,2026-09-03T22:55:26+09:00,-0.004968062455642297,0,1,False,50~60%
2026-09-02,015360,INVENI보통주,14050.0,0.525775651562663,상승,512,Logistic Regression,0.5800171547236399,2026-09-03T22:55:26+09:00,0.002135231316725994,1,1,True,50~60%
2026-09-02,092780,디와이피보통주,3190.0,0.5257582473347279,상승,513,Logistic Regression,0.5800171547236399,2026-09-03T22:55:26+09:00,0.03291536050156729,1,1,True,50~60%
2026-09-02,002240,고려제강보통주,17470.0,0.5257246460421452,상승,514,Logistic Regression,0.5800171547236399,2026-09-03T22:55:26+09:00,-0.014310246136233551,0,1,False,50~60%
2026-09-02,002355,넥센타이어1우선주(신형),3915.0,0.5256890661728263,상승,515,Logistic Regression,0.5800171547236399,2026-09-03T22:55:26+09:00,-0.0012771392081737387,0,1,False,50~60%
2026-09-02,025530,SJM홀딩스보통주,3640.0,0.525649040893181,상승,516,Logistic Regression,0.5800171547236399,2026-09-03T22:55:26+09:00,0.004120879120879106,1,1,True,50~60%
2026-09-02,139130,아이엠금융지주보통주,18860.0,0.5256459215842588,상승,517,Logistic Regression,0.5800171547236399,2026-09-03T22:55:26+09:00,-0.03923647932131491,0,1,False,50~60%
2026-09-02,030200,케이티보통주,53800.0,0.5256096653125545,상승,518,Logistic Regression,0.5800171547236399,2026-09-03T22:55:26+09:00,0.009293680297397744,1,1,True,50~60%
2026-09-02,002150,도화엔지니어링보통주,5210.0,0.525582967764862,상승,519,Logistic Regression,0.5800171547236399,2026-09-03T22:55:26+09:00,0.02111324376199608,1,1,True,50~60%
2026-09-02,002600,조흥보통주,137900.0,0.5255431338906751,상승,520,Logistic Regression,0.5800171547236399,2026-09-03T22:55:26+09:00,0.0,0,1,False,50~60%
2026-09-02,004690,삼천리보통주,135700.0,0.5255278094346204,상승,521,Logistic Regression,0.5800171547236399,2026-09-03T22:55:26+09:00,0.00736919675755332,1,1,True,50~60%
2026-09-02,267290,경동도시가스보통주,21850.0,0.5254696776092928,상승,522,Logistic Regression,0.5800171547236399,2026-09-03T22:55:26+09:00,0.013729977116704761,1,1,True,50~60%
2026-09-02,034590,인천도시가스 보통주,26750.0,0.5254688919116373,상승,523,Logistic Regression,0.5800171547236399,2026-09-03T22:55:26+09:00,-0.00747663551401867,0,1,False,50~60%
2026-09-02,000325,노루홀딩스1우선주,27750.0,0.525428042214952,상승,524,Logistic Regression,0.5800171547236399,2026-09-03T22:55:26+09:00,-0.009009009009009028,0,1,False,50~60%
2026-09-02,298050,에이치에스효성첨단소재보통주,174200.0,0.5254187901446704,상승,525,Logistic Regression,0.5800171547236399,2026-09-03T22:55:26+09:00,-0.008036739380022917,0,1,False,50~60%
2026-09-02,083420,그린케미칼보통주,4840.0,0.5253942739945953,상승,526,Logistic Regression,0.5800171547236399,2026-09-03T22:55:26+09:00,-0.006198347107438051,0,1,False,50~60%
2026-09-02,000970,한국주철관공업보통주,6670.0,0.525387868756251,상승,527,Logistic Regression,0.5800171547236399,2026-09-03T22:55:26+09:00,-0.0014992503748125774,0,1,False,50~60%
2026-09-02,192080,더블유게임즈보통주,57500.0,0.52538055858227,상승,528,Logistic Regression,0.5800171547236399,2026-09-03T22:55:26+09:00,-0.00521739130434784,0,1,False,50~60%
2026-09-02,293940,신한알파리츠보통주,5380.0,0.5253462966016534,상승,529,Logistic Regression,0.5800171547236399,2026-09-03T22:55:26+09:00,-0.005576208178438624,0,1,False,50~60%
2026-09-02,000500,가온전선보통주,201000.0,0.5253430043465489,상승,530,Logistic Regression,0.5800171547236399,2026-09-03T22:55:26+09:00,0.054726368159204064,1,1,True,50~60%
2026-09-02,446070,유니드비티플러스보통주,3975.0,0.5253339219699956,상승,531,Logistic Regression,0.5800171547236399,2026-09-03T22:55:26+09:00,-0.008805031446540879,0,1,False,50~60%
2026-09-02,005720,넥센보통주,6100.0,0.5252946400607068,상승,532,Logistic Regression,0.5800171547236399,2026-09-03T22:55:26+09:00,-0.013114754098360604,0,1,False,50~60%
2026-09-02,000050,경방보통주,8200.0,0.5252591085685114,상승,533,Logistic Regression,0.5800171547236399,2026-09-03T22:55:26+09:00,-0.004878048780487809,0,1,False,50~60%
2026-09-02,095570,AJ네트웍스보통주,4280.0,0.5252533931369414,상승,534,Logistic Regression,0.5800171547236399,2026-09-03T22:55:26+09:00,-0.007009345794392496,0,1,False,50~60%
2026-09-02,210540,디와이파워보통주,11380.0,0.5252337456051627,상승,535,Logistic Regression,0.5800171547236399,2026-09-03T22:55:26+09:00,0.014059753954305698,1,1,True,50~60%
2026-09-02,034230,파라다이스보통주,10040.0,0.5252199644392767,상승,536,Logistic Regression,0.5800171547236399,2026-09-03T22:55:26+09:00,0.004980079681274896,1,1,True,50~60%
2026-09-02,004970,신라교역보통주,9270.0,0.5252196215652122,상승,537,Logistic Regression,0.5800171547236399,2026-09-03T22:55:26+09:00,-0.011866235167206085,0,1,False,50~60%
2026-09-02,108675,엘엑스하우시스1우선주,18850.0,0.5251324791756261,상승,538,Logistic Regression,0.5800171547236399,2026-09-03T22:55:26+09:00,0.01379310344827589,1,1,True,50~60%
2026-09-02,093370,후성 보통주,12530.0,0.5251250823884304,상승,539,Logistic Regression,0.5800171547236399,2026-09-03T22:55:26+09:00,-0.002394253790901857,0,1,False,50~60%
2026-09-02,016380,KG스틸보통주,5440.0,0.5251246723994436,상승,540,Logistic Regression,0.5800171547236399,2026-09-03T22:55:26+09:00,0.02757352941176472,1,1,True,50~60%
2026-09-02,096775,SK이노베이션 1우선주,66600.0,0.5251175633038551,상승,541,Logistic Regression,0.5800171547236399,2026-09-03T22:55:26+09:00,0.03603603603603611,1,1,True,50~60%
2026-09-02,055550,신한금융지주회사보통주,110500.0,0.5251098538341413,상승,542,Logistic Regression,0.5800171547236399,2026-09-03T22:55:26+09:00,-0.0018099547511312153,0,1,False,50~60%
2026-09-02,071950,코아스보통주,1759.0,0.5250710197433013,상승,543,Logistic Regression,0.5800171547236399,2026-09-03T22:55:26+09:00,0.043206367254121636,1,1,True,50~60%
2026-09-02,267850,아시아나IDT보통주,9270.0,0.5250656689551143,상승,544,Logistic Regression,0.5800171547236399,2026-09-03T22:55:26+09:00,-0.0021574973031284195,0,1,False,50~60%
2026-09-02,334890,이지스밸류플러스리츠보통주,4030.0,0.5250597452003197,상승,545,Logistic Regression,0.5800171547236399,2026-09-03T22:55:26+09:00,-0.038461538461538436,0,1,False,50~60%
2026-09-02,090435,아모레퍼시픽 1우선주,45250.0,0.5250460781607349,상승,546,Logistic Regression,0.5800171547236399,2026-09-03T22:55:26+09:00,0.005524861878453136,1,1,True,50~60%
2026-09-02,009160,SIMPAC보통주,5100.0,0.5250225528003897,상승,547,Logistic Regression,0.5800171547236399,2026-09-03T22:55:26+09:00,-0.027450980392156876,0,1,False,50~60%
2026-09-02,001680,대상보통주,18570.0,0.525017941707245,상승,548,Logistic Regression,0.5800171547236399,2026-09-03T22:55:26+09:00,0.034464189553042646,1,1,True,50~60%
2026-09-02,011785,금호석유화학1우선주,51100.0,0.5249981362441952,상승,549,Logistic Regression,0.5800171547236399,2026-09-03T22:55:26+09:00,0.013698630136986356,1,1,True,50~60%
2026-09-02,415640,케이비발해인프라투융자회사보통주,10490.0,0.5249502741067387,상승,550,Logistic Regression,0.5800171547236399,2026-09-03T22:55:26+09:00,0.01048617731172552,1,1,True,50~60%
2026-09-02,480370,씨케이솔루션보통주,1420.0,0.5249258117678816,상승,551,Logistic Regression,0.5800171547236399,2026-09-03T22:55:26+09:00,0.028169014084507005,1,1,True,50~60%
2026-09-02,013580,계룡건설산업보통주,21250.0,0.5249151653445839,상승,552,Logistic Regression,0.5800171547236399,2026-09-03T22:55:26+09:00,0.03529411764705892,1,1,True,50~60%
2026-09-02,005500,삼진제약보통주,18660.0,0.5249143680955713,상승,553,Logistic Regression,0.5800171547236399,2026-09-03T22:55:26+09:00,0.004823151125401992,1,1,True,50~60%
2026-09-02,306200,세아제강보통주,138500.0,0.5248986531128768,상승,554,Logistic Regression,0.5800171547236399,2026-09-03T22:55:26+09:00,0.04476534296028878,1,1,True,50~60%
2026-09-02,079430,현대리바트보통주,6010.0,0.5248966999652738,상승,555,Logistic Regression,0.5800171547236399,2026-09-03T22:55:26+09:00,-0.004991680532445919,0,1,False,50~60%
2026-09-02,009155,삼성전기1우선주,515000.0,0.5248900100095639,상승,556,Logistic Regression,0.5800171547236399,2026-09-03T22:55:26+09:00,-0.027184466019417486,0,1,False,50~60%
2026-09-02,000080,하이트진로보통주,15510.0,0.5248762263088806,상승,557,Logistic Regression,0.5800171547236399,2026-09-03T22:55:26+09:00,0.0019342359767891004,1,1,True,50~60%
2026-09-02,036580,팜스코보통주,2485.0,0.5248745776642906,상승,558,Logistic Regression,0.5800171547236399,2026-09-03T22:55:26+09:00,0.05432595573440646,1,1,True,50~60%
2026-09-02,284740,쿠쿠홈시스보통주,23400.0,0.5247968817036477,상승,559,Logistic Regression,0.5800171547236399,2026-09-03T22:55:26+09:00,0.004273504273504258,1,1,True,50~60%
2026-09-02,001450,현대해상화재보험보통주,52400.0,0.524796539854437,상승,560,Logistic Regression,0.5800171547236399,2026-09-03T22:55:26+09:00,-0.024809160305343525,0,1,False,50~60%
2026-09-02,088980,맥쿼리한국인프라투융자회사 보통주,9860.0,0.5247734947640685,상승,561,Logistic Regression,0.5800171547236399,2026-09-03T22:55:26+09:00,0.006085192697768749,1,1,True,50~60%
2026-09-02,002700,신일전자보통주,994.0,0.5247532507665978,상승,562,Logistic Regression,0.5800171547236399,2026-09-03T22:55:26+09:00,0.003018108651911433,1,1,True,50~60%
2026-09-02,025540,한국단자공업보통주,54400.0,0.524749317463839,상승,563,Logistic Regression,0.5800171547236399,2026-09-03T22:55:26+09:00,0.025735294117646967,1,1,True,50~60%
2026-09-02,213500,한솔제지보통주,7530.0,0.5247383152585802,상승,564,Logistic Regression,0.5800171547236399,2026-09-03T22:55:26+09:00,0.005312084993359889,1,1,True,50~60%
2026-09-02,005250,녹십자홀딩스보통주,9850.0,0.5247321244323363,상승,565,Logistic Regression,0.5800171547236399,2026-09-03T22:55:26+09:00,0.0050761421319796,1,1,True,50~60%
2026-09-02,092440,기신정기 보통주,2005.0,0.5247274242807746,상승,566,Logistic Regression,0.5800171547236399,2026-09-03T22:55:26+09:00,0.007481296758104827,1,1,True,50~60%
2026-09-02,001630,종근당홀딩스보통주,39100.0,0.5247203786429043,상승,567,Logistic Regression,0.5800171547236399,2026-09-03T22:55:26+09:00,-0.005115089514066473,0,1,False,50~60%
2026-09-02,004140,동방보통주,1787.0,0.5247003553848113,상승,568,Logistic Regression,0.5800171547236399,2026-09-03T22:55:26+09:00,0.013430330162283122,1,1,True,50~60%
2026-09-02,134380,미원화학보통주,10310.0,0.5246923422742152,상승,569,Logistic Regression,0.5800171547236399,2026-09-03T22:55:26+09:00,-0.0019398642095053154,0,1,False,50~60%
2026-09-02,012160,영흥보통주,2495.0,0.5246896653864028,상승,570,Logistic Regression,0.5800171547236399,2026-09-03T22:55:26+09:00,-0.05811623246492981,0,1,False,50~60%
2026-09-02,28513K,SK케미칼1우선주,23850.0,0.5246662184273185,상승,571,Logistic Regression,0.5800171547236399,2026-09-03T22:55:26+09:00,0.027253668763102645,1,1,True,50~60%
2026-09-02,008420,문배철강보통주,2155.0,0.5246509688317915,상승,572,Logistic Regression,0.5800171547236399,2026-09-03T22:55:26+09:00,0.037122969837587005,1,1,True,50~60%
2026-09-02,120115,코오롱인더스트리1우선주,25200.0,0.524647895413151,상승,573,Logistic Regression,0.5800171547236399,2026-09-03T22:55:26+09:00,-0.005952380952380931,0,1,False,50~60%
2026-09-02,001230,동국홀딩스보통주,1987.0,0.5246357054359096,상승,574,Logistic Regression,0.5800171547236399,2026-09-03T22:55:26+09:00,0.02164066431806755,1,1,True,50~60%
2026-09-02,272550,삼양패키징보통주,9800.0,0.5246325883248537,상승,575,Logistic Regression,0.5800171547236399,2026-09-03T22:55:26+09:00,0.008163265306122547,1,1,True,50~60%
2026-09-02,45226K,한화갤러리아1우선주,4030.0,0.524612855308627,상승,576,Logistic Regression,0.5800171547236399,2026-09-03T22:55:26+09:00,0.002481389578163684,1,1,True,50~60%
2026-09-02,462870,시프트업보통주,32650.0,0.5246053895783275,상승,577,Logistic Regression,0.5800171547236399,2026-09-03T22:55:26+09:00,-0.024502297090352232,0,1,False,50~60%
2026-09-02,009410,태영건설보통주,1658.0,0.5245696728016372,상승,578,Logistic Regression,0.5800171547236399,2026-09-03T22:55:26+09:00,0.017490952955367955,1,1,True,50~60%
2026-09-02,111380,동인기연보통주,13580.0,0.5245398116046998,상승,579,Logistic Regression,0.5800171547236399,2026-09-03T22:55:26+09:00,-0.010309278350515427,0,1,False,50~60%
2026-09-02,094280,효성아이티엑스 보통주,12060.0,0.524538944575106,상승,580,Logistic Regression,0.5800171547236399,2026-09-03T22:55:26+09:00,-0.0033167495854062867,0,1,False,50~60%
2026-09-02,025750,한솔홈데코보통주,1910.0,0.5245361144067827,상승,581,Logistic Regression,0.5800171547236399,2026-09-03T22:55:26+09:00,0.0020942408376962707,1,1,True,50~60%
2026-09-02,084690,대상홀딩스 보통주,7960.0,0.5245321990848815,상승,582,Logistic Regression,0.5800171547236399,2026-09-03T22:55:26+09:00,-0.02010050251256279,0,1,False,50~60%
2026-09-02,001065,JW중외제약1우선주,22650.0,0.5245268815421279,상승,583,Logistic Regression,0.5800171547236399,2026-09-03T22:55:26+09:00,0.0,0,1,False,50~60%
2026-09-02,001275,부국증권1우선주,30150.0,0.5244847916008667,상승,584,Logistic Regression,0.5800171547236399,2026-09-03T22:55:26+09:00,0.004975124378109541,1,1,True,50~60%
2026-09-02,00781K,코리아써키트2우선주(신형),14180.0,0.5244609179825287,상승,585,Logistic Regression,0.5800171547236399,2026-09-03T22:55:26+09:00,-0.01833568406205921,0,1,False,50~60%
2026-09-02,004560,현대비앤지스틸보통주,11480.0,0.5244222330787398,상승,586,Logistic Regression,0.5800171547236399,2026-09-03T22:55:26+09:00,0.014808362369338024,1,1,True,50~60%
2026-09-02,000670,영풍보통주,39900.0,0.524392482239495,상승,587,Logistic Regression,0.5800171547236399,2026-09-03T22:55:26+09:00,-0.015037593984962405,0,1,False,50~60%
2026-09-02,058850,케이티씨에스보통주,2175.0,0.5243529894281516,상승,588,Logistic Regression,0.5800171547236399,2026-09-03T22:55:26+09:00,0.011494252873563315,1,1,True,50~60%
2026-09-02,448730,삼성FN리츠보통주,5360.0,0.5243404132643223,상승,589,Logistic Regression,0.5800171547236399,2026-09-03T22:55:26+09:00,-0.02238805970149249,0,1,False,50~60%
2026-09-02,139990,아주스틸보통주,2240.0,0.5242803505306552,상승,590,Logistic Regression,0.5800171547236399,2026-09-03T22:55:26+09:00,-0.006696428571428603,0,1,False,50~60%
2026-09-02,214320,이노션보통주,18860.0,0.524278696934517,상승,591,Logistic Regression,0.5800171547236399,2026-09-03T22:55:26+09:00,-0.004772004241781591,0,1,False,50~60%
2026-09-02,017940,E1보통주,98600.0,0.5242295398847319,상승,592,Logistic Regression,0.5800171547236399,2026-09-03T22:55:26+09:00,-0.009127789046653123,0,1,False,50~60%
2026-09-02,013000,세우글로벌보통주,1209.0,0.5242129374800203,상승,593,Logistic Regression,0.5800171547236399,2026-09-03T22:55:26+09:00,0.0,0,1,False,50~60%
2026-09-02,338100,NH프라임리츠보통주,3855.0,0.5242046075534796,상승,594,Logistic Regression,0.5800171547236399,2026-09-03T22:55:26+09:00,-0.0012970168612191912,0,1,False,50~60%
2026-09-02,009680,모토닉보통주,10390.0,0.524201760525995,상승,595,Logistic Regression,0.5800171547236399,2026-09-03T22:55:26+09:00,-0.0019249278152069227,0,1,False,50~60%
2026-09-02,016710,대성홀딩스보통주,6990.0,0.5241965809100403,상승,596,Logistic Regression,0.5800171547236399,2026-09-03T22:55:26+09:00,-0.01716738197424894,0,1,False,50~60%
2026-09-02,005940,엔에이치투자증권보통주,26050.0,0.5241929613510273,상승,597,Logistic Regression,0.5800171547236399,2026-09-03T22:55:26+09:00,0.02303262955854124,1,1,True,50~60%
2026-09-02,006890,태경케미컬보통주,5150.0,0.524187552525531,상승,598,Logistic Regression,0.5800171547236399,2026-09-03T22:55:26+09:00,-0.009708737864077666,0,1,False,50~60%
2026-09-02,003240,태광산업보통주,933000.0,0.5241694360354366,상승,599,Logistic Regression,0.5800171547236399,2026-09-03T22:55:26+09:00,-0.03429796355841375,0,1,False,50~60%
2026-09-02,000087,하이트진로2우선주(신형),12320.0,0.5241476231275636,상승,600,Logistic Regression,0.5800171547236399,2026-09-03T22:55:26+09:00,0.005681818181818121,1,1,True,50~60%
2026-09-02,007210,벽산보통주,1425.0,0.5241181437790473,상승,601,Logistic Regression,0.5800171547236399,2026-09-03T22:55:26+09:00,0.0035087719298245723,1,1,True,50~60%
2026-09-02,145720,덴티움보통주,36700.0,0.5241139836180068,상승,602,Logistic Regression,0.5800171547236399,2026-09-03T22:55:26+09:00,0.023160762942779245,1,1,True,50~60%
2026-09-02,241590,화승엔터프라이즈보통주,2950.0,0.5241057695105363,상승,603,Logistic Regression,0.5800171547236399,2026-09-03T22:55:26+09:00,-0.023728813559321993,0,1,False,50~60%
2026-09-02,010780,아이에스동서보통주,15610.0,0.5241049283382015,상승,604,Logistic Regression,0.5800171547236399,2026-09-03T22:55:26+09:00,0.00832799487508007,1,1,True,50~60%
2026-09-02,020560,아시아나항공 보통주,7690.0,0.5240749096959935,상승,605,Logistic Regression,0.5800171547236399,2026-09-03T22:55:26+09:00,0.050715214564369226,1,1,True,50~60%
2026-09-02,107590,미원홀딩스 보통주,64400.0,0.5240488387013827,상승,606,Logistic Regression,0.5800171547236399,2026-09-03T22:55:26+09:00,-0.024844720496894457,0,1,False,50~60%
2026-09-02,014280,금강공업보통주,4290.0,0.5240478304096944,상승,607,Logistic Regression,0.5800171547236399,2026-09-03T22:55:26+09:00,-0.011655011655011704,0,1,False,50~60%
2026-09-02,003230,삼양식품보통주,1475000.0,0.5240406154626,상승,608,Logistic Regression,0.5800171547236399,2026-09-03T22:55:26+09:00,-0.03932203389830513,0,1,False,50~60%
2026-09-02,451800,한화리츠보통주,5220.0,0.5240218554752573,상승,609,Logistic Regression,0.5800171547236399,2026-09-03T22:55:26+09:00,0.01724137931034475,1,1,True,50~60%
2026-09-02,00499K,롯데지주1우선주,24550.0,0.5240113902202734,상승,610,Logistic Regression,0.5800171547236399,2026-09-03T22:55:26+09:00,0.022403258655804503,1,1,True,50~60%
2026-09-02,000860,강남제비스코보통주,12600.0,0.5239913974237347,상승,611,Logistic Regression,0.5800171547236399,2026-09-03T22:55:26+09:00,0.003968253968253954,1,1,True,50~60%
2026-09-02,058860,케이티아이에스보통주,2580.0,0.5239335483611595,상승,612,Logistic Regression,0.5800171547236399,2026-09-03T22:55:26+09:00,0.0019379844961240345,1,1,True,50~60%
2026-09-02,017550,수산세보틱스보통주,1817.0,0.5239191850762227,상승,613,Logistic Regression,0.5800171547236399,2026-09-03T22:55:26+09:00,0.0418271876719869,1,1,True,50~60%
2026-09-02,030190,나이스평가정보보통주,15950.0,0.5239190113998891,상승,614,Logistic Regression,0.5800171547236399,2026-09-03T22:55:26+09:00,0.018808777429467183,1,1,True,50~60%
2026-09-02,005680,삼영전자공업보통주,12050.0,0.5238923484077451,상승,615,Logistic Regression,0.5800171547236399,2026-09-03T22:55:26+09:00,0.00663900414937757,1,1,True,50~60%
2026-09-02,093050,LF보통주,23100.0,0.5238777181538428,상승,616,Logistic Regression,0.5800171547236399,2026-09-03T22:55:26+09:00,-0.025974025974025983,0,1,False,50~60%
2026-09-02,003960,사조대림보통주,30700.0,0.5238691645235602,상승,617,Logistic Regression,0.5800171547236399,2026-09-03T22:55:26+09:00,0.0032573289902280145,1,1,True,50~60%
2026-09-02,352820,하이브보통주,175700.0,0.5238672449678659,상승,618,Logistic Regression,0.5800171547236399,2026-09-03T22:55:26+09:00,0.015936254980079667,1,1,True,50~60%
2026-09-02,403550,쏘카보통주,11320.0,0.5238508792790122,상승,619,Logistic Regression,0.5800171547236399,2026-09-03T22:55:26+09:00,0.0008833922261484162,1,1,True,50~60%
2026-09-02,005800,신영와코루보통주,13450.0,0.5238498779347104,상승,620,Logistic Regression,0.5800171547236399,2026-09-03T22:55:26+09:00,0.0074349442379182396,1,1,True,50~60%
2026-09-02,011760,현대코퍼레이션보통주,25550.0,0.5238423167684775,상승,621,Logistic Regression,0.5800171547236399,2026-09-03T22:55:26+09:00,0.021526418786692814,1,1,True,50~60%
2026-09-02,004920,씨아이테크보통주,919.0,0.523837042054285,상승,622,Logistic Regression,0.5800171547236399,2026-09-03T22:55:26+09:00,-0.006528835690968404,0,1,False,50~60%
2026-09-02,005725,넥센1우선주,4340.0,0.5237920537950496,상승,623,Logistic Regression,0.5800171547236399,2026-09-03T22:55:26+09:00,-0.0011520737327188613,0,1,False,50~60%
2026-09-02,005305,롯데칠성음료1우선주,67000.0,0.5237809240470113,상승,624,Logistic Regression,0.5800171547236399,2026-09-03T22:55:26+09:00,-0.007462686567164201,0,1,False,50~60%
2026-09-02,003070,코오롱글로벌보통주,9790.0,0.5237725010003985,상승,625,Logistic Regression,0.5800171547236399,2026-09-03T22:55:26+09:00,-0.0449438202247191,0,1,False,50~60%
2026-09-02,024900,디와이덕양보통주,1698.0,0.5237664308313581,상승,626,Logistic Regression,0.5800171547236399,2026-09-03T22:55:26+09:00,-0.0005889281507656108,0,1,False,50~60%
2026-09-02,133820,화인베스틸보통주,948.0,0.5237660591556123,상승,627,Logistic Regression,0.5800171547236399,2026-09-03T22:55:26+09:00,0.06751054852320681,1,1,True,50~60%
2026-09-02,031210,서울보증보험보통주,43500.0,0.5236876916881221,상승,628,Logistic Regression,0.5800171547236399,2026-09-03T22:55:26+09:00,0.0034482758620688614,1,1,True,50~60%
2026-09-02,001067,JW중외제약2우선주(신형),48800.0,0.5236787796698245,상승,629,Logistic Regression,0.5800171547236399,2026-09-03T22:55:26+09:00,0.002049180327868827,1,1,True,50~60%
2026-09-02,006200,한국전자홀딩스보통주,1919.0,0.5236745184719199,상승,630,Logistic Regression,0.5800171547236399,2026-09-03T22:55:26+09:00,-0.06826472120896299,0,1,False,50~60%
2026-09-02,001290,상상인증권보통주,1010.0,0.5236606917525743,상승,631,Logistic Regression,0.5800171547236399,2026-09-03T22:55:26+09:00,0.0,0,1,False,50~60%
2026-09-02,377740,바이오노트보통주,4765.0,0.5236528519963065,상승,632,Logistic Regression,0.5800171547236399,2026-09-03T22:55:26+09:00,0.005246589716684236,1,1,True,50~60%
2026-09-02,317450,명인제약보통주,45500.0,0.5236483967444545,상승,633,Logistic Regression,0.5800171547236399,2026-09-03T22:55:26+09:00,-0.018681318681318726,0,1,False,50~60%
2026-09-02,035000,HS애드보통주,6490.0,0.5236442309334569,상승,634,Logistic Regression,0.5800171547236399,2026-09-03T22:55:26+09:00,0.013867488443759735,1,1,True,50~60%
2026-09-02,128820,대성산업보통주,4060.0,0.5236437707252392,상승,635,Logistic Regression,0.5800171547236399,2026-09-03T22:55:26+09:00,0.022167487684729092,1,1,True,50~60%
2026-09-02,004100,태양금속공업보통주,2575.0,0.5236414085305355,상승,636,Logistic Regression,0.5800171547236399,2026-09-03T22:55:26+09:00,0.044660194174757306,1,1,True,50~60%
2026-09-02,070960,모나용평보통주,2065.0,0.5235618977496962,상승,637,Logistic Regression,0.5800171547236399,2026-09-03T22:55:26+09:00,-0.016949152542372836,0,1,False,50~60%
2026-09-02,002795,아모레퍼시픽홀딩스1우선주,11190.0,0.5235391159118357,상승,638,Logistic Regression,0.5800171547236399,2026-09-03T22:55:26+09:00,-0.002680965147453085,0,1,False,50~60%
2026-09-02,145995,삼양사1우선주,33050.0,0.5234594330812515,상승,639,Logistic Regression,0.5800171547236399,2026-09-03T22:55:26+09:00,0.004538577912254205,1,1,True,50~60%
2026-09-02,271980,제일약품보통주,10890.0,0.5234328430667281,상승,640,Logistic Regression,0.5800171547236399,2026-09-03T22:55:26+09:00,-0.03397612488521584,0,1,False,50~60%
2026-09-02,007610,선도전기보통주,3990.0,0.5233877912729106,상승,641,Logistic Regression,0.5800171547236399,2026-09-03T22:55:26+09:00,-0.01253132832080206,0,1,False,50~60%
2026-09-02,002100,경농보통주,9220.0,0.5233723241952605,상승,642,Logistic Regression,0.5800171547236399,2026-09-03T22:55:26+09:00,0.01193058568329719,1,1,True,50~60%
2026-09-02,079980,휴비스보통주,1993.0,0.523371654342686,상승,643,Logistic Regression,0.5800171547236399,2026-09-03T22:55:26+09:00,-0.00652282990466635,0,1,False,50~60%
2026-09-02,010955,S-Oil1우선주,69800.0,0.5233692911370607,상승,644,Logistic Regression,0.5800171547236399,2026-09-03T22:55:26+09:00,0.03008595988538687,1,1,True,50~60%
2026-09-02,487570,에이치에스효성보통주,48150.0,0.5233482234437321,상승,645,Logistic Regression,0.5800171547236399,2026-09-03T22:55:26+09:00,-0.0010384215991692258,0,1,False,50~60%
2026-09-02,0120G0,삼양바이오팜보통주,52100.0,0.5233071226679424,상승,646,Logistic Regression,0.5800171547236399,2026-09-03T22:55:26+09:00,-0.04318618042226485,0,1,False,50~60%
2026-09-02,003300,한일홀딩스보통주,18810.0,0.5232931402807062,상승,647,Logistic Regression,0.5800171547236399,2026-09-03T22:55:26+09:00,-0.005847953216374324,0,1,False,50~60%
2026-09-02,006880,신송홀딩스보통주,4370.0,0.5232861106056887,상승,648,Logistic Regression,0.5800171547236399,2026-09-03T22:55:26+09:00,-0.004576659038901587,0,1,False,50~60%
2026-09-02,092790,넥스틸보통주,12680.0,0.523273494755569,상승,649,Logistic Regression,0.5800171547236399,2026-09-03T22:55:26+09:00,0.02444794952681395,1,1,True,50~60%
2026-09-02,004250,NPC보통주,3010.0,0.5232503722551282,상승,650,Logistic Regression,0.5800171547236399,2026-09-03T22:55:26+09:00,0.006644518272425293,1,1,True,50~60%
2026-09-02,009770,삼정펄프 보통주,27900.0,0.5232441935812668,상승,651,Logistic Regression,0.5800171547236399,2026-09-03T22:55:26+09:00,0.014336917562723928,1,1,True,50~60%
2026-09-02,006280,녹십자보통주,127000.0,0.5232032728339626,상승,652,Logistic Regression,0.5800171547236399,2026-09-03T22:55:26+09:00,0.0047244094488188,1,1,True,50~60%
2026-09-02,000640,동아쏘시오홀딩스보통주,92700.0,0.5231988163321971,상승,653,Logistic Regression,0.5800171547236399,2026-09-03T22:55:26+09:00,-0.0010787486515642097,0,1,False,50~60%
2026-09-02,120030,조선선재 보통주,83500.0,0.5231727294392403,상승,654,Logistic Regression,0.5800171547236399,2026-09-03T22:55:26+09:00,0.00359281437125758,1,1,True,50~60%
2026-09-02,014530,극동유화보통주,3230.0,0.523168799260616,상승,655,Logistic Regression,0.5800171547236399,2026-09-03T22:55:26+09:00,0.004643962848297267,1,1,True,50~60%
2026-09-02,005610,삼립보통주,41100.0,0.523167919160361,상승,656,Logistic Regression,0.5800171547236399,2026-09-03T22:55:26+09:00,-0.010948905109489093,0,1,False,50~60%
2026-09-02,071840,롯데하이마트보통주,6400.0,0.5231596158860875,상승,657,Logistic Regression,0.5800171547236399,2026-09-03T22:55:26+09:00,-0.012499999999999956,0,1,False,50~60%
2026-09-02,006125,에스케이디스커버리1우선주,41500.0,0.5231514611704875,상승,658,Logistic Regression,0.5800171547236399,2026-09-03T22:55:26+09:00,-0.002409638554216831,0,1,False,50~60%
2026-09-02,000520,삼일제약보통주,6130.0,0.5231041936386427,상승,659,Logistic Regression,0.5800171547236399,2026-09-03T22:55:26+09:00,0.01631321370309946,1,1,True,50~60%
2026-09-02,002360,SH에너지화학보통주,1612.0,0.5230021099557285,상승,660,Logistic Regression,0.5800171547236399,2026-09-03T22:55:26+09:00,-0.00496277915632759,0,1,False,50~60%
2026-09-02,026960,동서보통주,25500.0,0.5229555360043379,상승,661,Logistic Regression,0.5800171547236399,2026-09-03T22:55:26+09:00,-0.0019607843137254832,0,1,False,50~60%
2026-09-02,002720,국제약품보통주,3415.0,0.5229398364173645,상승,662,Logistic Regression,0.5800171547236399,2026-09-03T22:55:26+09:00,0.0,0,1,False,50~60%
2026-09-02,007590,동방아그로보통주,5600.0,0.5229330022874615,상승,663,Logistic Regression,0.5800171547236399,2026-09-03T22:55:26+09:00,-0.0017857142857142794,0,1,False,50~60%
2026-09-02,004835,덕성1우선주,4220.0,0.5229245676118596,상승,664,Logistic Regression,0.5800171547236399,2026-09-03T22:55:26+09:00,0.007109004739336511,1,1,True,50~60%
2026-09-02,089470,에이치디씨현대이피보통주,3950.0,0.5229048758558829,상승,665,Logistic Regression,0.5800171547236399,2026-09-03T22:55:26+09:00,0.0012658227848101333,1,1,True,50~60%
2026-09-02,339770,교촌에프앤비보통주,3840.0,0.5228381173842839,상승,666,Logistic Regression,0.5800171547236399,2026-09-03T22:55:26+09:00,-0.01041666666666663,0,1,False,50~60%
2026-09-02,014580,태경비케이보통주,3845.0,0.5227621330333588,상승,667,Logistic Regression,0.5800171547236399,2026-09-03T22:55:26+09:00,-0.005201560468140465,0,1,False,50~60%
2026-09-02,264900,크라운제과보통주,8160.0,0.5226933912244788,상승,668,Logistic Regression,0.5800171547236399,2026-09-03T22:55:26+09:00,-0.006127450980392135,0,1,False,50~60%
2026-09-02,004870,티웨이홀딩스보통주,1149.0,0.5226820339154478,상승,669,Logistic Regression,0.5800171547236399,2026-09-03T22:55:26+09:00,-0.006962576153176636,0,1,False,50~60%
2026-09-02,145990,삼양사보통주,47000.0,0.5226773160236808,상승,670,Logistic Regression,0.5800171547236399,2026-09-03T22:55:26+09:00,-0.008510638297872353,0,1,False,50~60%
2026-09-02,084010,대한제강 보통주,8590.0,0.5225738733298431,상승,671,Logistic Regression,0.5800171547236399,2026-09-03T22:55:26+09:00,0.0093131548311991,1,1,True,50~60%
2026-09-02,009200,무림페이퍼보통주,1526.0,0.5225627259702466,상승,672,Logistic Regression,0.5800171547236399,2026-09-03T22:55:26+09:00,-0.007208387942332917,0,1,False,50~60%
2026-09-02,044450,케이에스에스 해운 보통주,9920.0,0.5225440346779656,상승,673,Logistic Regression,0.5800171547236399,2026-09-03T22:55:26+09:00,0.03125,1,1,True,50~60%
2026-09-02,014160,대영포장보통주,688.0,0.5225261048724265,상승,674,Logistic Regression,0.5800171547236399,2026-09-03T22:55:26+09:00,0.0029069767441860517,1,1,True,50~60%
2026-09-02,002810,삼영무역보통주,22300.0,0.5225149424819974,상승,675,Logistic Regression,0.5800171547236399,2026-09-03T22:55:26+09:00,-0.011210762331838597,0,1,False,50~60%
2026-09-02,377190,디앤디플랫폼리츠보통주,2210.0,0.5225090896007669,상승,676,Logistic Regression,0.5800171547236399,2026-09-03T22:55:26+09:00,-0.006787330316742057,0,1,False,50~60%
2026-09-02,010770,평화홀딩스보통주,3605.0,0.5224980497857008,상승,677,Logistic Regression,0.5800171547236399,2026-09-03T22:55:26+09:00,-0.020804438280166426,0,1,False,50~60%
2026-09-02,009140,경인전자보통주,22450.0,0.5224952683623049,상승,678,Logistic Regression,0.5800171547236399,2026-09-03T22:55:26+09:00,-0.015590200445434244,0,1,False,50~60%
2026-09-02,460860,동국제강보통주,10290.0,0.522486844528167,상승,679,Logistic Regression,0.5800171547236399,2026-09-03T22:55:26+09:00,0.02137998056365409,1,1,True,50~60%
2026-09-02,002620,제일파마홀딩스보통주,7560.0,0.5224757021556964,상승,680,Logistic Regression,0.5800171547236399,2026-09-03T22:55:26+09:00,0.01719576719576721,1,1,True,50~60%
2026-09-02,002220,한일철강보통주,2990.0,0.5224700261109534,상승,681,Logistic Regression,0.5800171547236399,2026-09-03T22:55:26+09:00,0.008361204013378032,1,1,True,50~60%
2026-09-02,101140,인바이오젠보통주,5600.0,0.5223842683337473,상승,682,Logistic Regression,0.5800171547236399,2026-09-03T22:55:26+09:00,-0.005357142857142838,0,1,False,50~60%
2026-09-02,017180,명문제약 보통주,1268.0,0.5223607536775603,상승,683,Logistic Regression,0.5800171547236399,2026-09-03T22:55:26+09:00,-0.018927444794952675,0,1,False,50~60%
2026-09-02,008775,호텔신라1우선주,29050.0,0.5223556069450804,상승,684,Logistic Regression,0.5800171547236399,2026-09-03T22:55:26+09:00,0.001721170395869276,1,1,True,50~60%
2026-09-02,005740,크라운해태홀딩스보통주,5650.0,0.5223539985515051,상승,685,Logistic Regression,0.5800171547236399,2026-09-03T22:55:26+09:00,0.001769911504424737,1,1,True,50~60%
2026-09-02,000590,CS홀딩스보통주,66400.0,0.5223317446197668,상승,686,Logistic Regression,0.5800171547236399,2026-09-03T22:55:26+09:00,0.0075301204819278045,1,1,True,50~60%
2026-09-02,316140,우리금융지주보통주,34500.0,0.5223282166973114,상승,687,Logistic Regression,0.5800171547236399,2026-09-03T22:55:26+09:00,-0.03768115942028982,0,1,False,50~60%
2026-09-02,010660,화천기계보통주,2870.0,0.5223271940871425,상승,688,Logistic Regression,0.5800171547236399,2026-09-03T22:55:26+09:00,0.059233449477351874,1,1,True,50~60%
2026-09-02,282330,BGF리테일보통주,149900.0,0.5223179270868111,상승,689,Logistic Regression,0.5800171547236399,2026-09-03T22:55:26+09:00,-0.01534356237491663,0,1,False,50~60%
2026-09-02,003120,일성아이에스보통주,20550.0,0.5223043463695333,상승,690,Logistic Regression,0.5800171547236399,2026-09-03T22:55:26+09:00,0.0,0,1,False,50~60%
2026-09-02,003780,진양산업보통주,3885.0,0.5222839075790768,상승,691,Logistic Regression,0.5800171547236399,2026-09-03T22:55:26+09:00,0.0038610038610038533,1,1,True,50~60%
2026-09-02,075180,새론오토모티브,2945.0,0.5222765649745744,상승,692,Logistic Regression,0.5800171547236399,2026-09-03T22:55:26+09:00,-0.008488964346349714,0,1,False,50~60%
2026-09-02,013520,화승코퍼레이션보통주,2640.0,0.5222706511874006,상승,693,Logistic Regression,0.5800171547236399,2026-09-03T22:55:26+09:00,-0.02651515151515149,0,1,False,50~60%
2026-09-02,357250,미래에셋맵스리츠보통주,1886.0,0.52219364527342,상승,694,Logistic Regression,0.5800171547236399,2026-09-03T22:55:26+09:00,0.012725344644750836,1,1,True,50~60%
2026-09-02,400760,엔에이치올원리츠보통주,2835.0,0.5221300135460549,상승,695,Logistic Regression,0.5800171547236399,2026-09-03T22:55:26+09:00,-0.014109347442680775,0,1,False,50~60%
2026-09-02,007310,오뚜기보통주,336000.0,0.5221138057916914,상승,696,Logistic Regression,0.5800171547236399,2026-09-03T22:55:26+09:00,-0.005952380952380931,0,1,False,50~60%
2026-09-02,481850,신한글로벌액티브리츠보통주,984.0,0.5220231791641163,상승,697,Logistic Regression,0.5800171547236399,2026-09-03T22:55:26+09:00,-0.004065040650406471,0,1,False,50~60%
2026-09-02,016090,대현보통주,1467.0,0.5219521328939197,상승,698,Logistic Regression,0.5800171547236399,2026-09-03T22:55:26+09:00,-0.015678254942058656,0,1,False,50~60%
2026-09-02,26490K,크라운제과1우선주,7760.0,0.5219375412544943,상승,699,Logistic Regression,0.5800171547236399,2026-09-03T22:55:26+09:00,-0.015463917525773141,0,1,False,50~60%
2026-09-02,002420,세기상사보통주,5720.0,0.5218946762569757,상승,700,Logistic Regression,0.5800171547236399,2026-09-03T22:55:26+09:00,0.010489510489510412,1,1,True,50~60%
2026-09-02,002390,한독보통주,9630.0,0.5218776072519061,상승,701,Logistic Regression,0.5800171547236399,2026-09-03T22:55:26+09:00,-0.010384215991692591,0,1,False,50~60%
2026-09-02,00806K,대덕1우선주,10950.0,0.5218612858915009,상승,702,Logistic Regression,0.5800171547236399,2026-09-03T22:55:26+09:00,-0.017351598173515947,0,1,False,50~60%
2026-09-02,000225,유유제약1우선주,3755.0,0.5218331193590068,상승,703,Logistic Regression,0.5800171547236399,2026-09-03T22:55:26+09:00,-0.031957390146471365,0,1,False,50~60%
2026-09-02,009835,한화솔루션1우선주,17500.0,0.5218303789502593,상승,704,Logistic Regression,0.5800171547236399,2026-09-03T22:55:26+09:00,-0.023428571428571465,0,1,False,50~60%
2026-09-02,234080,JW생명과학보통주,11390.0,0.5218124651390493,상승,705,Logistic Regression,0.5800171547236399,2026-09-03T22:55:26+09:00,-0.011413520632133412,0,1,False,50~60%
2026-09-02,001070,대한방직보통주,6030.0,0.5217898403702228,상승,706,Logistic Regression,0.5800171547236399,2026-09-03T22:55:26+09:00,0.0033167495854062867,1,1,True,50~60%
2026-09-02,002880,디와이에이보통주,753.0,0.5217844888795031,상승,707,Logistic Regression,0.5800171547236399,2026-09-03T22:55:26+09:00,0.0,0,1,False,50~60%
2026-09-02,002690,동일제강보통주,1475.0,0.521767314942713,상승,708,Logistic Regression,0.5800171547236399,2026-09-03T22:55:26+09:00,0.006101694915254141,1,1,True,50~60%
2026-09-02,037560,엘지헬로비전보통주,1630.0,0.5217422445211578,상승,709,Logistic Regression,0.5800171547236399,2026-09-03T22:55:26+09:00,0.006134969325153339,1,1,True,50~60%
2026-09-02,462520,조선내화보통주,13070.0,0.5217212024389493,상승,710,Logistic Regression,0.5800171547236399,2026-09-03T22:55:26+09:00,-0.016832440703902107,0,1,False,50~60%
2026-09-02,000145,하이트진로홀딩스1우선주,9150.0,0.5216603680389474,상승,711,Logistic Regression,0.5800171547236399,2026-09-03T22:55:26+09:00,0.014207650273224015,1,1,True,50~60%
2026-09-02,033780,케이티앤지보통주,174400.0,0.5216603644071085,상승,712,Logistic Regression,0.5800171547236399,2026-09-03T22:55:26+09:00,-0.01089449541284404,0,1,False,50~60%
2026-09-02,042700,한미반도체보통주,213500.0,0.521621503483771,상승,713,Logistic Regression,0.5800171547236399,2026-09-03T22:55:26+09:00,0.07728337236533966,1,1,True,50~60%
2026-09-02,101530,해태제과식품주식회사,5620.0,0.5215983668117302,상승,714,Logistic Regression,0.5800171547236399,2026-09-03T22:55:26+09:00,-0.003558718861209953,0,1,False,50~60%
2026-09-02,023810,인팩보통주,5130.0,0.5215942459292654,상승,715,Logistic Regression,0.5800171547236399,2026-09-03T22:55:26+09:00,0.00974658869395717,1,1,True,50~60%
2026-09-02,007690,국도화학보통주,39800.0,0.5215326424789729,상승,716,Logistic Regression,0.5800171547236399,2026-09-03T22:55:26+09:00,-0.015075376884422065,0,1,False,50~60%
2026-09-02,00104K,CJ4우선주(전환),127500.0,0.5215300859911806,상승,717,Logistic Regression,0.5800171547236399,2026-09-03T22:55:26+09:00,0.010196078431372602,1,1,True,50~60%
2026-09-02,100220,비상교육 보통주,4955.0,0.5214648106206884,상승,718,Logistic Regression,0.5800171547236399,2026-09-03T22:55:26+09:00,0.0010090817356205317,1,1,True,50~60%
2026-09-02,025860,남해화학보통주,6510.0,0.5214509845390317,상승,719,Logistic Regression,0.5800171547236399,2026-09-03T22:55:26+09:00,-0.02304147465437789,0,1,False,50~60%
2026-09-02,002900,티와이엠보통주,6920.0,0.5214353820292639,상승,720,Logistic Regression,0.5800171547236399,2026-09-03T22:55:26+09:00,0.08670520231213863,1,1,True,50~60%
2026-09-02,111110,호전실업보통주,6420.0,0.5214174100028556,상승,721,Logistic Regression,0.5800171547236399,2026-09-03T22:55:26+09:00,0.0,0,1,False,50~60%
2026-09-02,005257,녹십자홀딩스2우선주(신형),17680.0,0.5214173745056857,상승,722,Logistic Regression,0.5800171547236399,2026-09-03T22:55:26+09:00,0.0005656108597285048,1,1,True,50~60%
2026-09-02,077500,유니퀘스트 보통주,7570.0,0.5213996197707137,상승,723,Logistic Regression,0.5800171547236399,2026-09-03T22:55:26+09:00,-0.017173051519154603,0,1,False,50~60%
2026-09-02,323410,카카오뱅크보통주,21900.0,0.5213971215301166,상승,724,Logistic Regression,0.5800171547236399,2026-09-03T22:55:26+09:00,0.0022831050228311334,1,1,True,50~60%
2026-09-02,33626L,두산퓨얼셀2우선주(신형),7290.0,0.5213874914370862,상승,725,Logistic Regression,0.5800171547236399,2026-09-03T22:55:26+09:00,0.06035665294924564,1,1,True,50~60%
2026-09-02,001380,SG글로벌보통주,1314.0,0.5213156205130842,상승,726,Logistic Regression,0.5800171547236399,2026-09-03T22:55:26+09:00,-0.004566210045662156,0,1,False,50~60%
2026-09-02,350520,이지스레지던스리츠보통주,3415.0,0.5212611211660315,상승,727,Logistic Regression,0.5800171547236399,2026-09-03T22:55:26+09:00,-0.002928257686676372,0,1,False,50~60%
2026-09-02,293480,하나제약보통주,8520.0,0.5212593856288723,상승,728,Logistic Regression,0.5800171547236399,2026-09-03T22:55:26+09:00,0.0,0,1,False,50~60%
2026-09-02,016590,신대양제지보통주,10470.0,0.5211832799096676,상승,729,Logistic Regression,0.5800171547236399,2026-09-03T22:55:26+09:00,0.002865329512893977,1,1,True,50~60%
2026-09-02,005360,모나미보통주,1333.0,0.5211064582799322,상승,730,Logistic Regression,0.5800171547236399,2026-09-03T22:55:26+09:00,0.015003750937734539,1,1,True,50~60%
2026-09-02,432320,KB스타리츠보통주,1452.0,0.5210952915482928,상승,731,Logistic Regression,0.5800171547236399,2026-09-03T22:55:26+09:00,0.02134986225895319,1,1,True,50~60%
2026-09-02,010950,S-Oil보통주,150900.0,0.5210584329564607,상승,732,Logistic Regression,0.5800171547236399,2026-09-03T22:55:26+09:00,0.04241219350563297,1,1,True,50~60%
2026-09-02,007570,일양약품보통주,8460.0,0.5210393683639809,상승,733,Logistic Regression,0.5800171547236399,2026-09-03T22:55:26+09:00,-0.010638297872340385,0,1,False,50~60%
2026-09-02,014130,한익스프레스보통주,2460.0,0.521003065689157,상승,734,Logistic Regression,0.5800171547236399,2026-09-03T22:55:26+09:00,-0.004065040650406471,0,1,False,50~60%
2026-09-02,006840,AK홀딩스보통주,7550.0,0.5209766532443126,상승,735,Logistic Regression,0.5800171547236399,2026-09-03T22:55:26+09:00,0.02119205298013238,1,1,True,50~60%
2026-09-02,404990,신한서부티엔디리츠보통주,3855.0,0.5209717102821523,상승,736,Logistic Regression,0.5800171547236399,2026-09-03T22:55:26+09:00,0.01945525291828787,1,1,True,50~60%
2026-09-02,227840,현대코퍼레이션홀딩스보통주,13150.0,0.5209705736050397,상승,737,Logistic Regression,0.5800171547236399,2026-09-03T22:55:26+09:00,0.009885931558935468,1,1,True,50~60%
2026-09-02,053210,케이티스카이라이프,4120.0,0.5209549032511147,상승,738,Logistic Regression,0.5800171547236399,2026-09-03T22:55:26+09:00,-0.004854368932038833,0,1,False,50~60%
2026-09-02,071090,하이스틸 보통주,3060.0,0.5209433791442453,상승,739,Logistic Regression,0.5800171547236399,2026-09-03T22:55:26+09:00,0.0212418300653594,1,1,True,50~60%
2026-09-02,004700,조광피혁보통주,65000.0,0.5207848797594522,상승,740,Logistic Regression,0.5800171547236399,2026-09-03T22:55:26+09:00,-0.013846153846153841,0,1,False,50~60%
2026-09-02,298020,효성티앤씨보통주,345000.0,0.5207485036536179,상승,741,Logistic Regression,0.5800171547236399,2026-09-03T22:55:26+09:00,0.005797101449275255,1,1,True,50~60%
2026-09-02,000650,천일고속보통주,148900.0,0.5207306234554002,상승,742,Logistic Regression,0.5800171547236399,2026-09-03T22:55:26+09:00,-0.0349227669576897,0,1,False,50~60%
2026-09-02,008350,남선알미늄보통주,1045.0,0.5206593589318524,상승,743,Logistic Regression,0.5800171547236399,2026-09-03T22:55:26+09:00,0.006698564593301537,1,1,True,50~60%
2026-09-02,003080,에스비성보보통주,2235.0,0.5206429648782562,상승,744,Logistic Regression,0.5800171547236399,2026-09-03T22:55:26+09:00,0.0022371364653244186,1,1,True,50~60%
2026-09-02,006980,우성보통주,15790.0,0.5206332607374834,상승,745,Logistic Regression,0.5800171547236399,2026-09-03T22:55:26+09:00,0.010132995566814351,1,1,True,50~60%
2026-09-02,000700,유수홀딩스보통주,6600.0,0.5206220223968864,상승,746,Logistic Regression,0.5800171547236399,2026-09-03T22:55:26+09:00,0.0060606060606061,1,1,True,50~60%
2026-09-02,001460,BYC보통주,37950.0,0.5206062402104629,상승,747,Logistic Regression,0.5800171547236399,2026-09-03T22:55:26+09:00,-0.006587615283267456,0,1,False,50~60%
2026-09-02,033240,자화전자보통주,29850.0,0.520529026555561,상승,748,Logistic Regression,0.5800171547236399,2026-09-03T22:55:26+09:00,0.025125628140703515,1,1,True,50~60%
2026-09-02,001130,대한제분보통주,11780.0,0.5204735913795746,상승,749,Logistic Regression,0.5800171547236399,2026-09-03T22:55:26+09:00,-0.006791171477079749,0,1,False,50~60%
2026-09-02,00088K,한화3우선주(신형),38900.0,0.520456526896208,상승,750,Logistic Regression,0.5800171547236399,2026-09-03T22:55:26+09:00,0.059125964010282805,1,1,True,50~60%
2026-09-02,068270,셀트리온보통주,186300.0,0.5204000719968697,상승,751,Logistic Regression,0.5800171547236399,2026-09-03T22:55:26+09:00,0.009661835748792313,1,1,True,50~60%
2026-09-02,383220,F&F보통주,67700.0,0.5203704315513213,상승,752,Logistic Regression,0.5800171547236399,2026-09-03T22:55:26+09:00,-0.011816838995568735,0,1,False,50~60%
2026-09-02,006110,삼아알미늄보통주,68300.0,0.5203520493031438,상승,753,Logistic Regression,0.5800171547236399,2026-09-03T22:55:26+09:00,0.005856515373352744,1,1,True,50~60%
2026-09-02,011280,태림포장보통주,1647.0,0.5203420663248697,상승,754,Logistic Regression,0.5800171547236399,2026-09-03T22:55:26+09:00,-0.016393442622950838,0,1,False,50~60%
2026-09-02,016450,한세예스24홀딩스보통주,4580.0,0.5203242355000736,상승,755,Logistic Regression,0.5800171547236399,2026-09-03T22:55:26+09:00,-0.02510917030567683,0,1,False,50~60%
2026-09-02,036420,콘텐트리중앙보통주,1578.0,0.5202761178737256,상승,756,Logistic Regression,0.5800171547236399,2026-09-03T22:55:26+09:00,-0.013307984790874472,0,1,False,50~60%
2026-09-02,017370,우신시스템보통주,3605.0,0.5202292844084265,상승,757,Logistic Regression,0.5800171547236399,2026-09-03T22:55:26+09:00,0.012482662968099856,1,1,True,50~60%
2026-09-02,365550,ESR켄달스퀘어리츠보통주,3120.0,0.5202094617242221,상승,758,Logistic Regression,0.5800171547236399,2026-09-03T22:55:26+09:00,-0.011217948717948678,0,1,False,50~60%
2026-09-02,308170,씨티알모빌리티보통주,3640.0,0.5201717760937739,상승,759,Logistic Regression,0.5800171547236399,2026-09-03T22:55:26+09:00,-0.02472527472527475,0,1,False,50~60%
2026-09-02,003490,대한항공보통주,28900.0,0.5201578443081674,상승,760,Logistic Regression,0.5800171547236399,2026-09-03T22:55:26+09:00,0.04498269896193774,1,1,True,50~60%
2026-09-02,014710,사조씨푸드보통주,10500.0,0.5201015664288113,상승,761,Logistic Regression,0.5800171547236399,2026-09-03T22:55:26+09:00,-0.0028571428571428914,0,1,False,50~60%
2026-09-02,081660,미스토홀딩스보통주,41350.0,0.5200913001619853,상승,762,Logistic Regression,0.5800171547236399,2026-09-03T22:55:26+09:00,0.0012091898428052694,1,1,True,50~60%
2026-09-02,003925,남양유업1우선주,29550.0,0.5200600130238898,상승,763,Logistic Regression,0.5800171547236399,2026-09-03T22:55:26+09:00,0.011844331641285955,1,1,True,50~60%
2026-09-02,002960,한국쉘석유보통주,499000.0,0.5200487260895955,상승,764,Logistic Regression,0.5800171547236399,2026-09-03T22:55:26+09:00,0.0010020040080160886,1,1,True,50~60%
2026-09-02,003060,에이프로젠바이오로직스보통주,1742.0,0.5200163406818136,상승,765,Logistic Regression,0.5800171547236399,2026-09-03T22:55:26+09:00,0.03903559127439715,1,1,True,50~60%
2026-09-02,072130,유엔젤보통주,4795.0,0.5199310072266307,상승,766,Logistic Regression,0.5800171547236399,2026-09-03T22:55:26+09:00,-0.012513034410844615,0,1,False,50~60%
2026-09-02,055490,테이팩스보통주,16700.0,0.5199097781916385,상승,767,Logistic Regression,0.5800171547236399,2026-09-03T22:55:26+09:00,0.033532934131736525,1,1,True,50~60%
2026-09-02,004450,삼화왕관보통주,26950.0,0.5198899426845864,상승,768,Logistic Regression,0.5800171547236399,2026-09-03T22:55:26+09:00,0.025974025974025983,1,1,True,50~60%
2026-09-02,002870,신풍보통주,1012.0,0.5197911601977959,상승,769,Logistic Regression,0.5800171547236399,2026-09-03T22:55:26+09:00,0.045454545454545414,1,1,True,50~60%
2026-09-02,357430,마스턴프리미어리츠보통주,950.0,0.5197899746374216,상승,770,Logistic Regression,0.5800171547236399,2026-09-03T22:55:26+09:00,0.021052631578947434,1,1,True,50~60%
2026-09-02,033270,한국유나이티드제약 보통주,18260.0,0.5197725397398918,상승,771,Logistic Regression,0.5800171547236399,2026-09-03T22:55:26+09:00,0.013143483023001057,1,1,True,50~60%
2026-09-02,002920,유성기업보통주,1807.0,0.5197454802257279,상승,772,Logistic Regression,0.5800171547236399,2026-09-03T22:55:26+09:00,-0.00387382401770886,0,1,False,50~60%
2026-09-02,002070,비비안보통주,4720.0,0.5197435369370592,상승,773,Logistic Regression,0.5800171547236399,2026-09-03T22:55:26+09:00,0.09745762711864403,1,1,True,50~60%
2026-09-02,003690,코리안리재보험보통주,14850.0,0.5197079706242026,상승,774,Logistic Regression,0.5800171547236399,2026-09-03T22:55:26+09:00,-0.023569023569023573,0,1,False,50~60%
2026-09-02,001800,오리온홀딩스보통주,25550.0,0.5196891999068184,상승,775,Logistic Regression,0.5800171547236399,2026-09-03T22:55:26+09:00,0.0,0,1,False,50~60%
2026-09-02,000215,DL1우선주,23850.0,0.51968726918628,상승,776,Logistic Regression,0.5800171547236399,2026-09-03T22:55:26+09:00,0.0398322851153039,1,1,True,50~60%
2026-09-02,009580,무림피앤피보통주,1635.0,0.5196496251438785,상승,777,Logistic Regression,0.5800171547236399,2026-09-03T22:55:26+09:00,-0.007339449541284404,0,1,False,50~60%
2026-09-02,281820,케이씨텍보통주,65100.0,0.5196265137546909,상승,778,Logistic Regression,0.5800171547236399,2026-09-03T22:55:26+09:00,0.04608294930875578,1,1,True,50~60%
2026-09-02,104700,한국철강보통주,9890.0,0.5195639231699343,상승,779,Logistic Regression,0.5800171547236399,2026-09-03T22:55:26+09:00,-0.01921132457027297,0,1,False,50~60%
2026-09-02,145270,케이탑리츠보통주,799.0,0.5195191033406703,상승,780,Logistic Regression,0.5800171547236399,2026-09-03T22:55:26+09:00,-0.01251564455569465,0,1,False,50~60%
2026-09-02,009420,한올바이오파마보통주,55000.0,0.5194153017997499,상승,781,Logistic Regression,0.5800171547236399,2026-09-03T22:55:26+09:00,-0.00545454545454549,0,1,False,50~60%
2026-09-02,084870,TBH글로벌보통주,2285.0,0.5192924360637702,상승,782,Logistic Regression,0.5800171547236399,2026-09-03T22:55:26+09:00,-0.03719912472647702,0,1,False,50~60%
2026-09-02,123700,SJM보통주,3400.0,0.5191619018175683,상승,783,Logistic Regression,0.5800171547236399,2026-09-03T22:55:26+09:00,0.010294117647058787,1,1,True,50~60%
2026-09-02,192820,코스맥스보통주,285500.0,0.5190268102182741,상승,784,Logistic Regression,0.5800171547236399,2026-09-03T22:55:26+09:00,-0.035026269702276736,0,1,False,50~60%
2026-09-02,330590,롯데리츠보통주,3860.0,0.5190177152914752,상승,785,Logistic Regression,0.5800171547236399,2026-09-03T22:55:26+09:00,0.01683937823834203,1,1,True,50~60%
2026-09-02,102460,이연제약보통주,9950.0,0.5189109156769253,상승,786,Logistic Regression,0.5800171547236399,2026-09-03T22:55:26+09:00,0.0020100502512563345,1,1,True,50~60%
2026-09-02,088260,이리츠코크렙기업구조조정부동산투자회사보통주,3210.0,0.5188191523731195,상승,787,Logistic Regression,0.5800171547236399,2026-09-03T22:55:26+09:00,-0.0015576323987538387,0,1,False,50~60%
2026-09-02,111770,영원무역보통주,74200.0,0.5187474056240351,상승,788,Logistic Regression,0.5800171547236399,2026-09-03T22:55:26+09:00,0.010781671159029615,1,1,True,50~60%
2026-09-02,105630,한세실업보통주,9200.0,0.5186499303120705,상승,789,Logistic Regression,0.5800171547236399,2026-09-03T22:55:26+09:00,-0.009782608695652173,0,1,False,50~60%
2026-09-02,007980,티피보통주,1739.0,0.5185879688637482,상승,790,Logistic Regression,0.5800171547236399,2026-09-03T22:55:26+09:00,-0.00517538815411156,0,1,False,50~60%
2026-09-02,069640,한세엠케이보통주,1455.0,0.5185764163736346,상승,791,Logistic Regression,0.5800171547236399,2026-09-03T22:55:26+09:00,-0.03230240549828178,0,1,False,50~60%
2026-09-02,018470,조일알미늄보통주,973.0,0.5185573757545997,상승,792,Logistic Regression,0.5800171547236399,2026-09-03T22:55:26+09:00,0.0,0,1,False,50~60%
2026-09-02,005010,휴스틸보통주,3775.0,0.5183920312887936,상승,793,Logistic Regression,0.5800171547236399,2026-09-03T22:55:26+09:00,0.014569536423840956,1,1,True,50~60%
2026-09-02,452260,한화갤러리아보통주,2100.0,0.5183544699033827,상승,794,Logistic Regression,0.5800171547236399,2026-09-03T22:55:26+09:00,0.09523809523809534,1,1,True,50~60%
2026-09-02,023000,삼원강재 보통주,2210.0,0.5182685561361637,상승,795,Logistic Regression,0.5800171547236399,2026-09-03T22:55:26+09:00,0.002262443438914019,1,1,True,50~60%
2026-09-02,084695,대상홀딩스 1우선주,11960.0,0.5182121699214842,상승,796,Logistic Regression,0.5800171547236399,2026-09-03T22:55:26+09:00,0.02257525083612033,1,1,True,50~60%
2026-09-02,021240,코웨이보통주,98700.0,0.5181872040441532,상승,797,Logistic Regression,0.5800171547236399,2026-09-03T22:55:26+09:00,0.007092198581560183,1,1,True,50~60%
2026-09-02,004270,남성보통주,4970.0,0.5180053506497628,상승,798,Logistic Regression,0.5800171547236399,2026-09-03T22:55:26+09:00,-0.006036217303822977,0,1,False,50~60%
2026-09-02,004255,NPC1우선주,1884.0,0.517935894579105,상승,799,Logistic Regression,0.5800171547236399,2026-09-03T22:55:26+09:00,-0.007430997876857748,0,1,False,50~60%
2026-09-02,002460,에이치에스화성보통주,10890.0,0.517929887436405,상승,800,Logistic Regression,0.5800171547236399,2026-09-03T22:55:26+09:00,-0.01377410468319562,0,1,False,50~60%
2026-09-02,009320,아진전자부품보통주,968.0,0.517810391752002,상승,801,Logistic Regression,0.5800171547236399,2026-09-03T22:55:26+09:00,-0.01962809917355368,0,1,False,50~60%
2026-09-02,011230,삼화전자공업보통주,2585.0,0.5177117620581039,상승,802,Logistic Regression,0.5800171547236399,2026-09-03T22:55:26+09:00,-0.003868471953578312,0,1,False,50~60%
2026-09-02,357120,코람코라이프인프라리츠보통주,4170.0,0.5177048328372879,상승,803,Logistic Regression,0.5800171547236399,2026-09-03T22:55:26+09:00,-0.0227817745803357,0,1,False,50~60%
2026-09-02,004545,깨끗한나라1우선주,4490.0,0.5176201616781072,상승,804,Logistic Regression,0.5800171547236399,2026-09-03T22:55:26+09:00,-0.06458797327394206,0,1,False,50~60%
2026-09-02,161890,한국콜마보통주,155000.0,0.5175759373822401,상승,805,Logistic Regression,0.5800171547236399,2026-09-03T22:55:26+09:00,-0.05935483870967739,0,1,False,50~60%
2026-09-02,000480,시알홀딩스보통주,4560.0,0.5175645690591721,상승,806,Logistic Regression,0.5800171547236399,2026-09-03T22:55:26+09:00,-0.007675438596491224,0,1,False,50~60%
2026-09-02,036530,SNT홀딩스보통주,45400.0,0.5174859066664108,상승,807,Logistic Regression,0.5800171547236399,2026-09-03T22:55:26+09:00,-0.005506607929515406,0,1,False,50~60%
2026-09-02,002995,금호건설1우선주,21050.0,0.5174729937057078,상승,808,Logistic Regression,0.5800171547236399,2026-09-03T22:55:26+09:00,-0.03562945368171022,0,1,False,50~60%
2026-09-02,003610,방림보통주,5540.0,0.5173722005220587,상승,809,Logistic Regression,0.5800171547236399,2026-09-03T22:55:26+09:00,-0.0072202166064981865,0,1,False,50~60%
2026-09-02,000850,화천기공보통주,35700.0,0.5173220898784864,상승,810,Logistic Regression,0.5800171547236399,2026-09-03T22:55:26+09:00,-0.0014005602240896309,0,1,False,50~60%
2026-09-02,396690,미래에셋글로벌리츠보통주,1529.0,0.5172292142503975,상승,811,Logistic Regression,0.5800171547236399,2026-09-03T22:55:26+09:00,0.01373446697187708,1,1,True,50~60%
2026-09-02,322000,에이치디현대에너지솔루션보통주,132600.0,0.5172128809067779,상승,812,Logistic Regression,0.5800171547236399,2026-09-03T22:55:26+09:00,0.04751131221719462,1,1,True,50~60%
2026-09-02,024890,대원화성보통주,1728.0,0.5171819890728402,상승,813,Logistic Regression,0.5800171547236399,2026-09-03T22:55:26+09:00,0.01099537037037046,1,1,True,50~60%
2026-09-02,013890,지누스보통주,7710.0,0.5169791659856041,상승,814,Logistic Regression,0.5800171547236399,2026-09-03T22:55:26+09:00,0.0038910505836575737,1,1,True,50~60%
2026-09-02,016740,두올보통주,3715.0,0.5169428166668205,상승,815,Logistic Regression,0.5800171547236399,2026-09-03T22:55:26+09:00,0.016150740242261152,1,1,True,50~60%
2026-09-02,33637K,솔루스첨단소재1우선주,1445.0,0.5169305061202315,상승,816,Logistic Regression,0.5800171547236399,2026-09-03T22:55:26+09:00,0.0,0,1,False,50~60%
2026-09-02,004410,서울식품공업보통주,1270.0,0.5168202109862966,상승,817,Logistic Regression,0.5800171547236399,2026-09-03T22:55:26+09:00,-0.022834645669291387,0,1,False,50~60%
2026-09-02,002025,코오롱1우선주,13380.0,0.5166338160351996,상승,818,Logistic Regression,0.5800171547236399,2026-09-03T22:55:26+09:00,0.0052316890881913825,1,1,True,50~60%
2026-09-02,000180,성창기업지주보통주,5150.0,0.5165908319141866,상승,819,Logistic Regression,0.5800171547236399,2026-09-03T22:55:26+09:00,0.011650485436893288,1,1,True,50~60%
2026-09-02,025890,한국주강보통주,2565.0,0.5164737043796954,상승,820,Logistic Regression,0.5800171547236399,2026-09-03T22:55:26+09:00,0.0019493177387914784,1,1,True,50~60%
2026-09-02,016580,환인제약보통주,10440.0,0.5164557273893063,상승,821,Logistic Regression,0.5800171547236399,2026-09-03T22:55:26+09:00,-0.007662835249042099,0,1,False,50~60%
2026-09-02,008250,이건산업보통주,3075.0,0.5164496419970802,상승,822,Logistic Regression,0.5800171547236399,2026-09-03T22:55:26+09:00,0.014634146341463428,1,1,True,50~60%
2026-09-02,484870,엠앤씨솔루션보통주,17700.0,0.5163763895894979,상승,823,Logistic Regression,0.5800171547236399,2026-09-03T22:55:26+09:00,-0.06440677966101693,0,1,False,50~60%
2026-09-02,117580,대성에너지보통주,6850.0,0.5162697254716986,상승,824,Logistic Regression,0.5800171547236399,2026-09-03T22:55:26+09:00,0.016058394160583855,1,1,True,50~60%
2026-09-02,000210,DL보통주,51200.0,0.5160201544188584,상승,825,Logistic Regression,0.5800171547236399,2026-09-03T22:55:26+09:00,0.046875,1,1,True,50~60%
2026-09-02,069730,DSR제강보통주,5640.0,0.5158567521811334,상승,826,Logistic Regression,0.5800171547236399,2026-09-03T22:55:26+09:00,-0.015957446808510634,0,1,False,50~60%
2026-09-02,33626K,두산퓨얼셀1우선주,5900.0,0.5157515336377358,상승,827,Logistic Regression,0.5800171547236399,2026-09-03T22:55:26+09:00,0.04915254237288136,1,1,True,50~60%
2026-09-02,013360,일성건설보통주,1490.0,0.5157461029359425,상승,828,Logistic Regression,0.5800171547236399,2026-09-03T22:55:26+09:00,0.02684563758389258,1,1,True,50~60%
2026-09-02,006570,대림통상보통주,1886.0,0.5156304954680914,상승,829,Logistic Regression,0.5800171547236399,2026-09-03T22:55:26+09:00,0.020148462354188768,1,1,True,50~60%
2026-09-02,001620,케이비아이동국실업보통주,2200.0,0.5153000236219735,상승,830,Logistic Regression,0.5800171547236399,2026-09-03T22:55:26+09:00,0.027272727272727337,1,1,True,50~60%
2026-09-02,185750,종근당보통주,69300.0,0.5150720436159951,상승,831,Logistic Regression,0.5800171547236399,2026-09-03T22:55:26+09:00,-0.018759018759018753,0,1,False,50~60%
2026-09-02,009970,영원무역홀딩스보통주,168400.0,0.5150088890038422,상승,832,Logistic Regression,0.5800171547236399,2026-09-03T22:55:26+09:00,0.014845605700712694,1,1,True,50~60%
2026-09-02,008700,아남전자보통주,1242.0,0.5147286965824696,상승,833,Logistic Regression,0.5800171547236399,2026-09-03T22:55:26+09:00,0.02495974235104681,1,1,True,50~60%
2026-09-02,030720,동원수산보통주,5530.0,0.5145791113158422,상승,834,Logistic Regression,0.5800171547236399,2026-09-03T22:55:26+09:00,0.010849909584086825,1,1,True,50~60%
2026-09-02,004090,한국석유공업보통주,11250.0,0.5143903501666061,상승,835,Logistic Regression,0.5800171547236399,2026-09-03T22:55:26+09:00,0.007111111111111068,1,1,True,50~60%
2026-09-02,020120,키다리스튜디오보통주,6990.0,0.5143660094791764,상승,836,Logistic Regression,0.5800171547236399,2026-09-03T22:55:26+09:00,0.030042918454935563,1,1,True,50~60%
2026-09-02,007660,이수페타시스보통주,112000.0,0.5143588818123459,상승,837,Logistic Regression,0.5800171547236399,2026-09-03T22:55:26+09:00,-0.008035714285714257,0,1,False,50~60%
2026-09-02,007280,한국특강보통주,2395.0,0.514312825742726,상승,838,Logistic Regression,0.5800171547236399,2026-09-03T22:55:26+09:00,-0.03131524008350728,0,1,False,50~60%
2026-09-02,417310,코람코더원리츠보통주,2360.0,0.5142654700115229,상승,839,Logistic Regression,0.5800171547236399,2026-09-03T22:55:26+09:00,0.004237288135593209,1,1,True,50~60%
2026-09-02,019680,대교보통주,1000.0,0.5142644008665868,상승,840,Logistic Regression,0.5800171547236399,2026-09-03T22:55:26+09:00,0.0,0,1,False,50~60%
2026-09-02,019685,대교우선주(신형),598.0,0.5142436827751963,상승,841,Logistic Regression,0.5800171547236399,2026-09-03T22:55:26+09:00,0.0,0,1,False,50~60%
2026-09-02,003075,코오롱글로벌1우선주,13160.0,0.5141934659470216,상승,842,Logistic Regression,0.5800171547236399,2026-09-03T22:55:26+09:00,0.001519756838905817,1,1,True,50~60%
2026-09-02,019170,신풍제약보통주,10380.0,0.5139625287065044,상승,843,Logistic Regression,0.5800171547236399,2026-09-03T22:55:26+09:00,-0.035645472061657024,0,1,False,50~60%
2026-09-02,014825,동원시스템즈1우선주,14230.0,0.5139088776603973,상승,844,Logistic Regression,0.5800171547236399,2026-09-03T22:55:26+09:00,0.015460295151089154,1,1,True,50~60%
2026-09-02,36328K,티와이홀딩스1우선주,2680.0,0.5138298519819781,상승,845,Logistic Regression,0.5800171547236399,2026-09-03T22:55:26+09:00,0.01679104477611948,1,1,True,50~60%
2026-09-02,001530,DI동일보통주,28050.0,0.513780480454413,상승,846,Logistic Regression,0.5800171547236399,2026-09-03T22:55:26+09:00,-0.016042780748663055,0,1,False,50~60%
2026-09-02,395400,SK리츠보통주,5460.0,0.5136178487986657,상승,847,Logistic Regression,0.5800171547236399,2026-09-03T22:55:26+09:00,-0.0146520146520146,0,1,False,50~60%
2026-09-02,005430,한국공항보통주,81200.0,0.5133438261769582,상승,848,Logistic Regression,0.5800171547236399,2026-09-03T22:55:26+09:00,-0.027093596059113323,0,1,False,50~60%
2026-09-02,010040,한국내화보통주,1620.0,0.5132767610284684,상승,849,Logistic Regression,0.5800171547236399,2026-09-03T22:55:26+09:00,0.014197530864197505,1,1,True,50~60%
2026-09-02,005180,빙그레보통주,92800.0,0.5132538011296222,상승,850,Logistic Regression,0.5800171547236399,2026-09-03T22:55:26+09:00,-0.026939655172413812,0,1,False,50~60%
2026-09-02,008870,금비보통주,40400.0,0.5130690385874366,상승,851,Logistic Regression,0.5800171547236399,2026-09-03T22:55:26+09:00,0.007425742574257432,1,1,True,50~60%
2026-09-02,002780,진흥기업보통주,782.0,0.5128836096604114,상승,852,Logistic Regression,0.5800171547236399,2026-09-03T22:55:26+09:00,0.0,0,1,False,50~60%
2026-09-02,093240,형지엘리트보통주,387.0,0.5127500865968242,상승,853,Logistic Regression,0.5800171547236399,2026-09-03T22:55:26+09:00,-0.036175710594315236,0,1,False,50~60%
2026-09-02,155660,DSR보통주,4500.0,0.5123323569441522,상승,854,Logistic Regression,0.5800171547236399,2026-09-03T22:55:26+09:00,-0.00666666666666671,0,1,False,50~60%
2026-09-02,18064K,한진칼1우선주,30650.0,0.5123042803981673,상승,855,Logistic Regression,0.5800171547236399,2026-09-03T22:55:26+09:00,0.05220228384991854,1,1,True,50~60%
2026-09-02,006345,대원전선1우선주,9850.0,0.5121126037951983,상승,856,Logistic Regression,0.5800171547236399,2026-09-03T22:55:26+09:00,-0.004060913705583702,0,1,False,50~60%
2026-09-02,000880,한화보통주,126500.0,0.5117167767070446,상승,857,Logistic Regression,0.5800171547236399,2026-09-03T22:55:26+09:00,0.08616600790513829,1,1,True,50~60%
2026-09-02,214390,경보제약보통주,5580.0,0.5109883570245795,상승,858,Logistic Regression,0.5800171547236399,2026-09-03T22:55:26+09:00,-0.028673835125448077,0,1,False,50~60%
2026-09-02,014790,HL D&I보통주,2580.0,0.5109191464679408,상승,859,Logistic Regression,0.5800171547236399,2026-09-03T22:55:26+09:00,-0.009689922480620172,0,1,False,50~60%
2026-09-02,044380,주연테크 보통주,1081.0,0.5106000545768429,상승,860,Logistic Regression,0.5800171547236399,2026-09-03T22:55:26+09:00,-0.06660499537465314,0,1,False,50~60%
2026-09-02,004060,에스지세계물산보통주,2280.0,0.5103150461945452,상승,861,Logistic Regression,0.5800171547236399,2026-09-03T22:55:26+09:00,0.006578947368421018,1,1,True,50~60%
2026-09-02,024090,디씨엠보통주,11520.0,0.5096915438609299,상승,862,Logistic Regression,0.5800171547236399,2026-09-03T22:55:26+09:00,0.01822916666666674,1,1,True,50~60%
2026-09-02,003280,흥아해운보통주,1712.0,0.5094950345213783,상승,863,Logistic Regression,0.5800171547236399,2026-09-03T22:55:26+09:00,0.007009345794392496,1,1,True,50~60%
2026-09-02,001550,조비보통주,11310.0,0.5090622967853469,상승,864,Logistic Regression,0.5800171547236399,2026-09-03T22:55:26+09:00,0.007957559681697646,1,1,True,50~60%
2026-09-02,088790,진도 보통주,2410.0,0.5090415115946139,상승,865,Logistic Regression,0.5800171547236399,2026-09-03T22:55:26+09:00,-0.02904564315352698,0,1,False,50~60%
2026-09-02,010960,삼호개발 보통주,3155.0,0.50858886692965,상승,866,Logistic Regression,0.5800171547236399,2026-09-03T22:55:26+09:00,0.0015847860538826808,1,1,True,50~60%
2026-09-02,051630,진양화학보통주,1417.0,0.5082814621472028,상승,867,Logistic Regression,0.5800171547236399,2026-09-03T22:55:26+09:00,0.014114326040931546,1,1,True,50~60%
2026-09-02,026940,부국철강 보통주,2190.0,0.5077333720557303,상승,868,Logistic Regression,0.5800171547236399,2026-09-03T22:55:26+09:00,0.011415525114155223,1,1,True,50~60%
2026-09-02,001820,삼화콘덴서공업보통주,111500.0,0.5077157080872509,상승,869,Logistic Regression,0.5800171547236399,2026-09-03T22:55:26+09:00,-0.015246636771300448,0,1,False,50~60%
2026-09-02,027970,한국제지보통주,2740.0,0.5072997028500397,상승,870,Logistic Regression,0.5800171547236399,2026-09-03T22:55:26+09:00,0.0,0,1,False,50~60%
2026-09-02,032350,롯데관광개발 보통주,13390.0,0.5070686169685061,상승,871,Logistic Regression,0.5800171547236399,2026-09-03T22:55:26+09:00,-0.0642270351008215,0,1,False,50~60%
2026-09-02,280360,롯데웰푸드보통주,148600.0,0.5068070956818105,상승,872,Logistic Regression,0.5800171547236399,2026-09-03T22:55:26+09:00,-0.020861372812920553,0,1,False,50~60%
2026-09-02,009270,신원보통주,1164.0,0.5067868316089007,상승,873,Logistic Regression,0.5800171547236399,2026-09-03T22:55:26+09:00,-0.0008591065292096189,0,1,False,50~60%
2026-09-02,019175,신풍제약1우선주,15650.0,0.5066240462975211,상승,874,Logistic Regression,0.5800171547236399,2026-09-03T22:55:26+09:00,-0.029392971246006372,0,1,False,50~60%
2026-09-02,013700,까뮤이앤씨보통주,1730.0,0.5056919117771009,상승,875,Logistic Regression,0.5800171547236399,2026-09-03T22:55:26+09:00,-0.028901734104046284,0,1,False,50~60%
2026-09-02,003580,에이치엘비글로벌보통주,1628.0,0.5046719117935373,상승,876,Logistic Regression,0.5800171547236399,2026-09-03T22:55:26+09:00,0.06695331695331697,1,1,True,50~60%
2026-09-02,003220,대원제약보통주,8100.0,0.5045365393679487,상승,877,Logistic Regression,0.5800171547236399,2026-09-03T22:55:26+09:00,-0.0037037037037036535,0,1,False,50~60%
2026-09-02,049800,우진플라임 보통주,1855.0,0.5044325356535605,상승,878,Logistic Regression,0.5800171547236399,2026-09-03T22:55:26+09:00,0.0242587601078168,1,1,True,50~60%
2026-09-02,000890,보해양조보통주,1340.0,0.5043196546900625,상승,879,Logistic Regression,0.5800171547236399,2026-09-03T22:55:26+09:00,0.04925373134328348,1,1,True,50~60%
2026-09-02,006120,에스케이디스커버리보통주,54900.0,0.5035463047079723,상승,880,Logistic Regression,0.5800171547236399,2026-09-03T22:55:26+09:00,-0.03642987249544627,0,1,False,50~60%
2026-09-02,950210,프레스티지바이오파마KDR,6720.0,0.5028611478394172,상승,881,Logistic Regression,0.5800171547236399,2026-09-03T22:55:26+09:00,-0.03273809523809523,0,1,False,50~60%
2026-09-02,138040,메리츠금융지주회사보통주,129800.0,0.5025320515599453,상승,882,Logistic Regression,0.5800171547236399,2026-09-03T22:55:26+09:00,0.04391371340523875,1,1,True,50~60%
2026-09-02,175330,JB금융지주보통주,30550.0,0.500789393509201,상승,883,Logistic Regression,0.5800171547236399,2026-09-03T22:55:26+09:00,0.014729950900163713,1,1,True,50~60%
2026-09-02,005090,SGC에너지보통주,54400.0,0.5003096163368924,상승,884,Logistic Regression,0.5800171547236399,2026-09-03T22:55:26+09:00,0.03125,1,1,True,50~60%
2026-09-02,010640,진양폴리우레탄보통주,2190.0,0.5002092767811545,상승,885,Logistic Regression,0.5800171547236399,2026-09-03T22:55:26+09:00,-0.03196347031963476,0,1,False,50~60%
2026-09-02,008930,한미사이언스보통주,47800.0,0.4999796929116029,하락 또는 보합,886,Logistic Regression,0.5800171547236399,2026-09-03T22:55:26+09:00,0.10460251046025104,1,0,False,40~50%
2026-09-02,007110,일신석재보통주,603.0,0.499664511811548,하락 또는 보합,887,Logistic Regression,0.5800171547236399,2026-09-03T22:55:26+09:00,0.0,0,0,True,40~50%
2026-09-02,000230,일동홀딩스보통주,6550.0,0.4990514063627096,하락 또는 보합,888,Logistic Regression,0.5800171547236399,2026-09-03T22:55:26+09:00,-0.03816793893129766,0,0,True,40~50%
2026-09-02,008060,대덕보통주,15500.0,0.4969241633895364,하락 또는 보합,889,Logistic Regression,0.5800171547236399,2026-09-03T22:55:26+09:00,-0.06322580645161291,0,0,True,40~50%
2026-09-02,003465,유화증권1우선주,3240.0,0.4967317089261389,하락 또는 보합,890,Logistic Regression,0.5800171547236399,2026-09-03T22:55:26+09:00,-0.006172839506172867,0,0,True,40~50%
2026-09-02,021820,세원정공보통주,10580.0,0.4956799932871047,하락 또는 보합,891,Logistic Regression,0.5800171547236399,2026-09-03T22:55:26+09:00,0.008506616257088817,1,0,False,40~50%
2026-09-02,014910,성문전자보통주,2170.0,0.4947404918321345,하락 또는 보합,892,Logistic Regression,0.5800171547236399,2026-09-03T22:55:26+09:00,-0.016129032258064502,0,0,True,40~50%
2026-09-02,011390,부산산업보통주,52900.0,0.4929821446595938,하락 또는 보합,893,Logistic Regression,0.5800171547236399,2026-09-03T22:55:26+09:00,0.00945179584120992,1,0,False,40~50%
2026-09-02,001260,남광토건보통주,8030.0,0.4913578836539706,하락 또는 보합,894,Logistic Regression,0.5800171547236399,2026-09-03T22:55:26+09:00,-0.0037359900373599153,0,0,True,40~50%
2026-09-02,011300,우성머티리얼스보통주,2515.0,0.4908535713616103,하락 또는 보합,895,Logistic Regression,0.5800171547236399,2026-09-03T22:55:26+09:00,-0.06163021868787277,0,0,True,40~50%
2026-09-02,192650,드림텍보통주,6210.0,0.4891633239133075,하락 또는 보합,896,Logistic Regression,0.5800171547236399,2026-09-03T22:55:26+09:00,0.01449275362318847,1,0,False,40~50%
2026-09-02,180640,한진칼보통주,139100.0,0.4883247394275231,하락 또는 보합,897,Logistic Regression,0.5800171547236399,2026-09-03T22:55:26+09:00,0.04960460100647013,1,0,False,40~50%
2026-09-02,025560,미래산업보통주,6350.0,0.487926304228512,하락 또는 보합,898,Logistic Regression,0.5800171547236399,2026-09-03T22:55:26+09:00,-0.012598425196850394,0,0,True,40~50%
2026-09-02,084680,이월드보통주,589.0,0.4853997899497803,하락 또는 보합,899,Logistic Regression,0.5800171547236399,2026-09-03T22:55:26+09:00,-0.09847198641765709,0,0,True,40~50%
2026-09-02,002990,금호건설보통주,17100.0,0.4840358320457666,하락 또는 보합,900,Logistic Regression,0.5800171547236399,2026-09-03T22:55:26+09:00,-0.05906432748538015,0,0,True,40~50%
2026-09-02,012280,영화금속보통주,4025.0,0.4797883406536628,하락 또는 보합,901,Logistic Regression,0.5800171547236399,2026-09-03T22:55:26+09:00,-0.00248447204968949,0,0,True,40~50%
2026-09-02,002630,오리엔트바이오보통주,913.0,0.4797219277603287,하락 또는 보합,902,Logistic Regression,0.5800171547236399,2026-09-03T22:55:26+09:00,0.0,0,0,True,40~50%
2026-09-02,001020,페이퍼코리아보통주,2675.0,0.4787613040655407,하락 또는 보합,903,Logistic Regression,0.5800171547236399,2026-09-03T22:55:26+09:00,-0.0803738317757009,0,0,True,40~50%
2026-09-02,006740,블루산업개발 보통주,5200.0,0.4741419556540173,하락 또는 보합,904,Logistic Regression,0.5800171547236399,2026-09-03T22:55:26+09:00,0.0038461538461538325,1,0,False,40~50%
2026-09-02,001770,SHD보통주,14750.0,0.4682391580817279,하락 또는 보합,905,Logistic Regression,0.5800171547236399,2026-09-03T22:55:26+09:00,0.0732203389830508,1,0,False,40~50%
2026-09-02,001210,금호전기보통주,13300.0,0.4613521917758292,하락 또는 보합,906,Logistic Regression,0.5800171547236399,2026-09-03T22:55:26+09:00,-0.08496240601503757,0,0,True,40~50%
2026-09-02,249420,일동제약보통주,16490.0,0.4609384156958845,하락 또는 보합,907,Logistic Regression,0.5800171547236399,2026-09-03T22:55:26+09:00,-0.08853850818677989,0,0,True,40~50%
2026-09-02,058730,다스코보통주,3940.0,0.4606942121542854,하락 또는 보합,908,Logistic Regression,0.5800171547236399,2026-09-03T22:55:26+09:00,-0.07994923857868019,0,0,True,40~50%
2026-09-02,014990,인디에프보통주,4170.0,0.4605577441143973,하락 또는 보합,909,Logistic Regression,0.5800171547236399,2026-09-03T22:55:26+09:00,0.0455635491606714,1,0,False,40~50%
2026-09-02,005320,온타이드보통주,1146.0,0.4541629034250857,하락 또는 보합,910,Logistic Regression,0.5800171547236399,2026-09-03T22:55:26+09:00,0.0514834205933683,1,0,False,40~50%
2026-09-02,004710,한솔테크닉스보통주,7580.0,0.4517616961449579,하락 또는 보합,911,Logistic Regression,0.5800171547236399,2026-09-03T22:55:26+09:00,0.11609498680738795,1,0,False,40~50%
2026-09-02,001420,태원물산보통주,2890.0,0.4508534909971854,하락 또는 보합,912,Logistic Regression,0.5800171547236399,2026-09-03T22:55:26+09:00,-0.03460207612456745,0,0,True,40~50%
2026-09-02,012170,아센디오보통주,3120.0,0.4488694910525097,하락 또는 보합,913,Logistic Regression,0.5800171547236399,2026-09-03T22:55:26+09:00,-0.08814102564102566,0,0,True,40~50%
2026-09-02,003160,디아이보통주,30600.0,0.4469505039708848,하락 또는 보합,914,Logistic Regression,0.5800171547236399,2026-09-03T22:55:26+09:00,0.0212418300653594,1,0,False,40~50%
2026-09-02,210980,SK디앤디보통주,4220.0,0.4378201847679199,하락 또는 보합,915,Logistic Regression,0.5800171547236399,2026-09-03T22:55:26+09:00,-0.04383886255924174,0,0,True,40~50%
2026-09-02,091810,트리니티항공보통주,2775.0,0.4372543042068421,하락 또는 보합,916,Logistic Regression,0.5800171547236399,2026-09-03T22:55:26+09:00,0.009009009009008917,1,0,False,40~50%
2026-09-02,465770,STX그린로지스보통주,3925.0,0.3894036695397164,하락 또는 보합,917,Logistic Regression,0.5800171547236399,2026-09-03T22:55:26+09:00,-0.04458598726114649,0,0,True,0~40%
